#name,startNode,endNode,backname,mode,fiberType,length,measuredLossC,fixFiberMargin,measuredDispersionLambdaRefC,measuredDispersionSlopeC,measuredPmd,lossesToNode,lossesFromNode,deltaRamanGain,estimatedLossC,estimatedDispersionLambdaRefC,estimatedDispersionSlopeC,estimatedPmd,sharedRiskLinkGroup,startNodeType,endNodeType,startSiteLatitudeDeg,startSiteLatitudeMin,startSiteLatitudeSec,startSiteLongitudeDeg,startSiteLongitudeMin,startSiteLongitudeSec,endSiteLatitudeDeg,endSiteLatitudeMin,endSiteLatitudeSec,endSiteLongitudeDeg,endSiteLongitudeMin,endSiteLongitudeSec,startNode.version,endNode.version,startNode.systemType,endNode.systemType,dhcpPoolDomainName,subNetNameSource,subNetDescriptionSource,subNetAreaScaleSource,subNetAreaHeightSource,subNetAreaWidthSource,subNetLatitudeSource,subNetLongitudeSource,subNetIconLatitudeSource,subNetIconLongitudeSource,subNetNameTarget,subNetDescriptionTarget,subNetAreaScaleTarget,subNetAreaHeightTarget,subNetAreaWidthTarget,subNetLatitudeTarget,subNetLongitudeTarget,subNetIconLatitudeTarget,subNetIconLongitudeTarget
#Version 5.1,,,,,,,,,,,,,,,,,,,,,,,,,,,,,,,,,,,,,,,,,,,,,,,,,,,,,,,,
F0001,F1-1,S0001-100,F0002,Measured,SSMF_Telefonica,57.0,12.54,0,940.5,0.057,0.566237582,1,1,0,11.54,940.5,0.057,0.566237582,,ONN-X96,OLR,42,56,23,-8,-17,-21,43,8,32,-7,-20,-19,5.1,5.1,hiT 7300+,hiT 7300+,,,,-1,-1,-1,,,,,,,-1,-1,-1,,,,
F0002,S0001-100,F1-1,F0001,Measured,SSMF_Telefonica,57.0,12.54,0,940.5,0.057,0.566237582,1,1,0,11.54,940.5,0.057,0.566237582,,OLR,ONN-X96,43,8,32,-7,-20,-19,42,56,23,-8,-17,-21,5.1,5.1,hiT 7300+,hiT 7300+,,,,-1,-1,-1,,,,,,,-1,-1,-1,,,,
F0005,F1-1,S0003-100,F0006,Measured,SSMF_Telefonica,33.81,7.4382,0,557.865,0.057,0.436097752,1,1,0,7.4382,557.865,0.057,0.436097752,,ONN-X96,OLR,42,56,23,-8,-17,-21,42,46,38,-7,-33,-9,5.1,5.1,hiT 7300+,hiT 7300+,,,,-1,-1,-1,,,,,,,-1,-1,-1,,,,
F0006,S0003-100,F1-1,F0005,Measured,SSMF_Telefonica,33.81,7.4382,0,557.865,0.057,0.436097752,1,1,0,7.4382,557.865,0.057,0.436097752,,OLR,ONN-X96,42,46,38,-7,-33,-9,42,56,23,-8,-17,-21,5.1,5.1,hiT 7300+,hiT 7300+,,,,-1,-1,-1,,,,,,,-1,-1,-1,,,,
F0013,F1-1,S0014-100,F0014,Measured,SSMF_Telefonica,61.56,13.5432,0,1015.74,0.057,0.588451357,1,1,0,13.5432,1015.74,0.057,0.588451357,,ONN-X96,OLR,42,56,23,-8,-17,-21,42,30,33,-7,-45,-2,5.1,5.1,hiT 7300+,hiT 7300+,,,,-1,-1,-1,,,,,,,-1,-1,-1,,,,
F0014,S0014-100,F1-1,F0013,Measured,SSMF_Telefonica,61.56,13.5432,0,1015.74,0.057,0.588451357,1,1,0,13.5432,1015.74,0.057,0.588451357,,OLR,ONN-X96,42,30,33,-7,-45,-2,42,56,23,-8,-17,-21,5.1,5.1,hiT 7300+,hiT 7300+,,,,-1,-1,-1,,,,,,,-1,-1,-1,,,,
F0015,S0014-100,TR11,F0016,Measured,SSMF_Telefonica,80.44,17.6968,0,1327.26,0.057,0.672662619,1,1,0,17.6968,1327.26,0.057,0.672662619,,OLR,ONN-X96,42,30,33,-7,-45,-2,42,10,53,-6,-49,-54,5.1,5.1,hiT 7300+,hiT 7300+,,,,-1,-1,-1,,,,,,,-1,-1,-1,,,,
F0016,TR11,S0014-100,F0015,Measured,SSMF_Telefonica,80.44,17.6968,0,1327.26,0.057,0.672662619,1,1,0,17.6968,1327.26,0.057,0.672662619,,ONN-X96,OLR,42,10,53,-6,-49,-54,42,30,33,-7,-45,-2,5.1,5.1,hiT 7300+,hiT 7300+,,,,-1,-1,-1,,,,,,,-1,-1,-1,,,,
F0033,TR11,S0007-100,F0034,Measured,SSMF_Telefonica,66.7,14.674,0,1100.55,0.057,0.612525509,1,1,0,14.674,1100.55,0.057,0.612525509,,ONN-X96,OLR,42,10,53,-6,-49,-54,41,53,14,-6,-12,-50,5.1,5.1,hiT 7300+,hiT 7300+,,,,-1,-1,-1,,,,,,,-1,-1,-1,,,,
F0034,S0007-100,TR11,F0033,Measured,SSMF_Telefonica,66.7,14.674,0,1100.55,0.057,0.612525509,1,1,0,14.674,1100.55,0.057,0.612525509,,OLR,ONN-X96,41,53,14,-6,-12,-50,42,10,53,-6,-49,-54,5.1,5.1,hiT 7300+,hiT 7300+,,,,-1,-1,-1,,,,,,,-1,-1,-1,,,,
F0037,TR11,S0008-100,F0038,Measured,SSMF_Telefonica,93.4,20.548,0,1541.1,0.057,0.724827565,1,1,0,20.548,1541.1,0.057,0.724827565,,ONN-X96,OLR,42,10,53,-6,-49,-54,41,59,57,-5,-41,-57,5.1,5.1,hiT 7300+,hiT 7300+,,,,-1,-1,-1,,,,,,,-1,-1,-1,,,,
F0038,S0008-100,TR11,F0037,Measured,SSMF_Telefonica,93.4,20.548,0,1541.1,0.057,0.724827565,1,1,0,20.548,1541.1,0.057,0.724827565,,OLR,ONN-X96,41,59,57,-5,-41,-57,42,10,53,-6,-49,-54,5.1,5.1,hiT 7300+,hiT 7300+,,,,-1,-1,-1,,,,,,,-1,-1,-1,,,,
F0003,S0001-100,F2-1,F0004,Measured,SSMF_Telefonica,78.0,17.16,0,1287.0,0.057,0.662382064,1,1,0,16.31,1287.0,0.057,0.662382064,,OLR,ONN-X96,43,8,32,-7,-20,-19,43,9,56,-6,-31,-22,5.1,5.1,hiT 7300+,hiT 7300+,,,,-1,-1,-1,,,,,,,-1,-1,-1,,,,
F0004,F2-1,S0001-100,F0003,Measured,SSMF_Telefonica,78.0,17.16,0,1287.0,0.057,0.662382064,1,1,0,16.31,1287.0,0.057,0.662382064,,ONN-X96,OLR,43,9,56,-6,-31,-22,43,8,32,-7,-20,-19,5.1,5.1,hiT 7300+,hiT 7300+,,,,-1,-1,-1,,,,,,,-1,-1,-1,,,,
F0017,F2-1,S0002-100,F0018,Measured,SSMF_Telefonica,101.73,22.3806,0,1678.545,0.057,0.756459681,1,1,0,22.3806,1678.545,0.057,0.756459681,,ONN-X96,OLR,43,9,56,-6,-31,-22,42,49,4,-5,-28,-10,5.1,5.1,hiT 7300+,hiT 7300+,,,,-1,-1,-1,,,,,,,-1,-1,-1,,,,
F0018,S0002-100,F2-1,F0017,Measured,SSMF_Telefonica,101.73,22.3806,0,1678.545,0.057,0.756459681,1,1,0,22.3806,1678.545,0.057,0.756459681,,OLR,ONN-X96,42,49,4,-5,-28,-10,43,9,56,-6,-31,-22,5.1,5.1,hiT 7300+,hiT 7300+,,,,-1,-1,-1,,,,,,,-1,-1,-1,,,,
F0021,F2-1,S0015-100,F0022,Measured,SSMF_Telefonica,61.2,13.464,0,1009.8,0.057,0.586728216,1,1,0,13.464,1009.8,0.057,0.586728216,,ONN-X96,OLR,43,9,56,-6,-31,-22,43,10,58,-5,-39,-34,5.1,5.1,hiT 7300+,hiT 7300+,,,,-1,-1,-1,,,,,,,-1,-1,-1,,,,
F0022,S0015-100,F2-1,F0021,Measured,SSMF_Telefonica,61.2,13.464,0,1009.8,0.057,0.586728216,1,1,0,13.464,1009.8,0.057,0.586728216,,OLR,ONN-X96,43,10,58,-5,-39,-34,43,9,56,-6,-31,-22,5.1,5.1,hiT 7300+,hiT 7300+,,,,-1,-1,-1,,,,,,,-1,-1,-1,,,,
F0011,S0004-100,F3-1,F0012,Measured,SSMF_Telefonica,64.45,14.179,0,1063.425,0.057,0.60210568,1,1,0,14.179,1063.425,0.057,0.60210568,,OLR,ONN-X96,42,29,30,-5,-13,-54,42,24,56,-4,-29,-14,5.1,5.1,hiT 7300+,hiT 7300+,,,,-1,-1,-1,,,,,,,-1,-1,-1,,,,
F0012,F3-1,S0004-100,F0011,Measured,SSMF_Telefonica,64.45,14.179,0,1063.425,0.057,0.60210568,1,1,0,14.179,1063.425,0.057,0.60210568,,ONN-X96,OLR,42,24,56,-4,-29,-14,42,29,30,-5,-13,-54,5.1,5.1,hiT 7300+,hiT 7300+,,,,-1,-1,-1,,,,,,,-1,-1,-1,,,,
F0019,S0002-100,F3-1,F0020,Measured,SSMF_Telefonica,74.27,16.3394,0,1225.455,0.057,0.64635033,1,1,0,16.3394,1225.455,0.057,0.64635033,,OLR,ONN-X96,42,49,4,-5,-28,-10,42,24,56,-4,-29,-14,5.1,5.1,hiT 7300+,hiT 7300+,,,,-1,-1,-1,,,,,,,-1,-1,-1,,,,
F0020,F3-1,S0002-100,F0019,Measured,SSMF_Telefonica,74.27,16.3394,0,1225.455,0.057,0.64635033,1,1,0,16.3394,1225.455,0.057,0.64635033,,ONN-X96,OLR,42,24,56,-4,-29,-14,42,49,4,-5,-28,-10,5.1,5.1,hiT 7300+,hiT 7300+,,,,-1,-1,-1,,,,,,,-1,-1,-1,,,,
F0029,F3-1,S0006-100,F0030,Measured,SSMF_Telefonica,60.6,13.332,0,999.9,0.057,0.583845013,1,1,0,13.332,999.9,0.057,0.583845013,,ONN-X96,OLR,42,24,56,-4,-29,-14,41,52,53,-4,-14,-59,5.1,5.1,hiT 7300+,hiT 7300+,,,,-1,-1,-1,,,,,,,-1,-1,-1,,,,
F0030,S0006-100,F3-1,F0029,Measured,SSMF_Telefonica,60.6,13.332,0,999.9,0.057,0.583845013,1,1,0,13.332,999.9,0.057,0.583845013,,OLR,ONN-X96,41,52,53,-4,-14,-59,42,24,56,-4,-29,-14,5.1,5.1,hiT 7300+,hiT 7300+,,,,-1,-1,-1,,,,,,,-1,-1,-1,,,,
F0027,S0017-100,TR13,F0028,Measured,SSMF_Telefonica,68.4,15.048,0,1128.6,0.057,0.620282193,1,1,0,15.048,1128.6,0.057,0.620282193,,OLR,ONN-X96,43,10,58,-3,-57,-52,43,15,7,-2,-59,-54,5.1,5.1,hiT 7300+,hiT 7300+,,,,-1,-1,-1,,,,,,,-1,-1,-1,,,,
F0028,TR13,S0017-100,F0027,Measured,SSMF_Telefonica,68.4,15.048,0,1128.6,0.057,0.620282193,1,1,0,15.048,1128.6,0.057,0.620282193,,ONN-X96,OLR,43,15,7,-2,-59,-54,43,10,58,-3,-57,-52,5.1,5.1,hiT 7300+,hiT 7300+,,,,-1,-1,-1,,,,,,,-1,-1,-1,,,,
F0067,S0020-100,TR13,F0068,Measured,SSMF_Telefonica,48.43,10.6546,0,799.095,0.057,0.521937496,1,1,0,10.6546,799.095,0.057,0.521937496,,OLR,ONN-X96,42,24,56,-3,-24,-8,43,15,7,-2,-59,-54,5.1,5.1,hiT 7300+,hiT 7300+,,,,-1,-1,-1,,,,,,,-1,-1,-1,,,,
F0068,TR13,S0020-100,F0067,Measured,SSMF_Telefonica,48.43,10.6546,0,799.095,0.057,0.521937496,1,1,0,10.6546,799.095,0.057,0.521937496,,ONN-X96,OLR,43,15,7,-2,-59,-54,42,24,56,-3,-24,-8,5.1,5.1,hiT 7300+,hiT 7300+,,,,-1,-1,-1,,,,,,,-1,-1,-1,,,,
F0097,S0029-100,TR13,F0098,Measured,SSMF_Telefonica,37.67,8.2874,0,621.555,0.057,0.460319182,1,1,0,8.2874,621.555,0.057,0.460319182,,OLR,ONN-X96,42,44,53,-2,-28,-60,43,15,7,-2,-59,-54,5.1,5.1,hiT 7300+,hiT 7300+,,,,-1,-1,-1,,,,,,,-1,-1,-1,,,,
F0098,TR13,S0029-100,F0097,Measured,SSMF_Telefonica,37.67,8.2874,0,621.555,0.057,0.460319182,1,1,0,8.2874,621.555,0.057,0.460319182,,ONN-X96,OLR,43,15,7,-2,-59,-54,42,44,53,-2,-28,-60,5.1,5.1,hiT 7300+,hiT 7300+,,,,-1,-1,-1,,,,,,,-1,-1,-1,,,,
F0101,S0030-100,F13-1,F0102,Measured,SSMF_Telefonica,61.78,13.5916,0,1019.37,0.057,0.589501908,1,1,0,13.5916,1019.37,0.057,0.589501908,,OLR,ONN-X96,42,21,26,0,-34,-28,42,20,44,1,4,26,5.1,5.1,hiT 7300+,hiT 7300+,,,,-1,-1,-1,,,,,,,-1,-1,-1,,,,
F0102,F13-1,S0030-100,F0101,Measured,SSMF_Telefonica,61.78,13.5916,0,1019.37,0.057,0.589501908,1,1,0,13.5916,1019.37,0.057,0.589501908,,ONN-X96,OLR,42,20,44,1,4,26,42,21,26,0,-34,-28,5.1,5.1,hiT 7300+,hiT 7300+,,,,-1,-1,-1,,,,,,,-1,-1,-1,,,,
F0107,F13-1,S0032-100,F0108,Measured,SSMF_Telefonica,65.31,14.3682,0,1077.615,0.057,0.606109519,1,1,0,14.3682,1077.615,0.057,0.606109519,,ONN-X96,OLR,42,20,44,1,4,26,42,5,15,1,30,5,5.1,5.1,hiT 7300+,hiT 7300+,,,,-1,-1,-1,,,,,,,-1,-1,-1,,,,
F0108,S0032-100,F13-1,F0107,Measured,SSMF_Telefonica,65.31,14.3682,0,1077.615,0.057,0.606109519,1,1,0,14.3682,1077.615,0.057,0.606109519,,OLR,ONN-X96,42,5,15,1,30,5,42,20,44,1,4,26,5.1,5.1,hiT 7300+,hiT 7300+,,,,-1,-1,-1,,,,,,,-1,-1,-1,,,,
F0113,F13-1,S0034-100,F0114,Measured,SSMF_Telefonica,62.29,13.7038,0,1027.785,0.057,0.591930105,1,1,0,13.7038,1027.785,0.057,0.591930105,,ONN-X96,OLR,42,20,44,1,4,26,41,56,4,0,51,36,5.1,5.1,hiT 7300+,hiT 7300+,,,,-1,-1,-1,,,,,,,-1,-1,-1,,,,
F0114,S0034-100,F13-1,F0113,Measured,SSMF_Telefonica,62.29,13.7038,0,1027.785,0.057,0.591930105,1,1,0,13.7038,1027.785,0.057,0.591930105,,OLR,ONN-X96,41,56,4,0,51,36,42,20,44,1,4,26,5.1,5.1,hiT 7300+,hiT 7300+,,,,-1,-1,-1,,,,,,,-1,-1,-1,,,,
F0117,F13-1,S0035-100,F0118,Measured,SSMF_Telefonica,61.56,13.5432,0,1015.74,0.057,0.588451357,1,1,0,13.5432,1015.74,0.057,0.588451357,,ONN-X96,OLR,42,20,44,1,4,26,42,0,18,0,-2,-38,5.1,5.1,hiT 7300+,hiT 7300+,,,,-1,-1,-1,,,,,,,-1,-1,-1,,,,
F0118,S0035-100,F13-1,F0117,Measured,SSMF_Telefonica,61.56,13.5432,0,1015.74,0.057,0.588451357,1,1,0,13.5432,1015.74,0.057,0.588451357,,OLR,ONN-X96,42,0,18,0,-2,-38,42,20,44,1,4,26,5.1,5.1,hiT 7300+,hiT 7300+,,,,-1,-1,-1,,,,,,,-1,-1,-1,,,,
F0089,S0027-100,TR14,F0090,Measured,SSMF_Telefonica,53.9,11.858,0,889.35,0.057,0.550624645,1,1,0,11.858,889.35,0.057,0.550624645,,OLR,ONN-X96,41,56,25,-2,-7,-37,42,20,2,-2,-4,-46,5.1,5.1,hiT 7300+,hiT 7300+,,,,-1,-1,-1,,,,,,,-1,-1,-1,,,,
F0090,TR14,S0027-100,F0089,Measured,SSMF_Telefonica,53.9,11.858,0,889.35,0.057,0.550624645,1,1,0,11.858,889.35,0.057,0.550624645,,ONN-X96,OLR,42,20,2,-2,-4,-46,41,56,25,-2,-7,-37,5.1,5.1,hiT 7300+,hiT 7300+,,,,-1,-1,-1,,,,,,,-1,-1,-1,,,,
F0095,TR14,S0029-100,F0096,Measured,SSMF_Telefonica,63.33,13.9326,0,1044.945,0.057,0.596851112,1,1,0,13.9326,1044.945,0.057,0.596851112,,ONN-X96,OLR,42,20,2,-2,-4,-46,42,44,53,-2,-28,-60,5.1,5.1,hiT 7300+,hiT 7300+,,,,-1,-1,-1,,,,,,,-1,-1,-1,,,,
F0096,S0029-100,TR14,F0095,Measured,SSMF_Telefonica,63.33,13.9326,0,1044.945,0.057,0.596851112,1,1,0,13.9326,1044.945,0.057,0.596851112,,OLR,ONN-X96,42,44,53,-2,-28,-60,42,20,2,-2,-4,-46,5.1,5.1,hiT 7300+,hiT 7300+,,,,-1,-1,-1,,,,,,,-1,-1,-1,,,,
F0099,TR14,S0030-100,F0100,Measured,SSMF_Telefonica,92.22,20.2884,0,1521.63,0.057,0.720234336,1,1,0,20.2884,1521.63,0.057,0.720234336,,ONN-X96,OLR,42,20,2,-2,-4,-46,42,21,26,0,-34,-28,5.1,5.1,hiT 7300+,hiT 7300+,,,,-1,-1,-1,,,,,,,-1,-1,-1,,,,
F0100,S0030-100,TR14,F0099,Measured,SSMF_Telefonica,92.22,20.2884,0,1521.63,0.057,0.720234336,1,1,0,20.2884,1521.63,0.057,0.720234336,,OLR,ONN-X96,42,21,26,0,-34,-28,42,20,2,-2,-4,-46,5.1,5.1,hiT 7300+,hiT 7300+,,,,-1,-1,-1,,,,,,,-1,-1,-1,,,,
F0103,TR14,S0031-100,F0104,Measured,SSMF_Telefonica,62.37,13.7214,0,1029.105,0.057,0.592310096,1,1,0,13.7214,1029.105,0.057,0.592310096,,ONN-X96,OLR,42,20,2,-2,-4,-46,41,58,32,-1,-27,-13,5.1,5.1,hiT 7300+,hiT 7300+,,,,-1,-1,-1,,,,,,,-1,-1,-1,,,,
F0104,S0031-100,TR14,F0103,Measured,SSMF_Telefonica,62.37,13.7214,0,1029.105,0.057,0.592310096,1,1,0,13.7214,1029.105,0.057,0.592310096,,OLR,ONN-X96,41,58,32,-1,-27,-13,42,20,2,-2,-4,-46,5.1,5.1,hiT 7300+,hiT 7300+,,,,-1,-1,-1,,,,,,,-1,-1,-1,,,,
F0111,S0033-100,TR4,F0112,Measured,SSMF_Telefonica,58.85,12.947,0,971.025,0.057,0.575353152,1,1,0,12.947,971.025,0.057,0.575353152,,OLR,ONN-X96,41,51,7,1,45,46,41,31,57,2,11,55,5.1,5.1,hiT 7300+,hiT 7300+,,,,-1,-1,-1,,,,,,,-1,-1,-1,,,,
F0112,TR4,S0033-100,F0111,Measured,SSMF_Telefonica,58.85,12.947,0,971.025,0.057,0.575353152,1,1,0,12.947,971.025,0.057,0.575353152,,ONN-X96,OLR,41,31,57,2,11,55,41,51,7,1,45,46,5.1,5.1,hiT 7300+,hiT 7300+,,,,-1,-1,-1,,,,,,,-1,-1,-1,,,,
F0121,TR4,TR3,F0122,Measured,SSMF_Telefonica,84.0,18.48,0,1386.0,0.057,0.687386354,1,1,0,18.48,1386.0,0.057,0.687386354,,ONN-X96,ONN-X96,41,31,57,2,11,55,41,31,57,1,11,5,5.1,5.1,hiT 7300+,hiT 7300+,,,,-1,-1,-1,,,,,,,-1,-1,-1,,,,
F0122,TR3,TR4,F0121,Measured,SSMF_Telefonica,84.0,18.48,0,1386.0,0.057,0.687386354,1,1,0,18.48,1386.0,0.057,0.687386354,,ONN-X96,ONN-X96,41,31,57,1,11,5,41,31,57,2,11,55,5.1,5.1,hiT 7300+,hiT 7300+,,,,-1,-1,-1,,,,,,,-1,-1,-1,,,,
F0123,TR4,S0036-100,F0124,Measured,SSMF_Telefonica,61.97,13.6334,0,1022.505,0.057,0.590407698,1,1,0,13.6334,1022.505,0.057,0.590407698,,ONN-X96,OLR,41,31,57,2,11,55,41,15,33,1,28,40,5.1,5.1,hiT 7300+,hiT 7300+,,,,-1,-1,-1,,,,,,,-1,-1,-1,,,,
F0124,S0036-100,TR4,F0123,Measured,SSMF_Telefonica,61.97,13.6334,0,1022.505,0.057,0.590407698,1,1,0,13.6334,1022.505,0.057,0.590407698,,OLR,ONN-X96,41,15,33,1,28,40,41,31,57,2,11,55,5.1,5.1,hiT 7300+,hiT 7300+,,,,-1,-1,-1,,,,,,,-1,-1,-1,,,,
F0115,S0034-100,TR3,F0116,Measured,SSMF_Telefonica,82.71,18.1962,0,1364.715,0.057,0.682087787,1,1,0,18.1962,1364.715,0.057,0.682087787,,OLR,ONN-X96,41,56,4,0,51,36,41,31,57,1,11,5,5.1,5.1,hiT 7300+,hiT 7300+,,,,-1,-1,-1,,,,,,,-1,-1,-1,,,,
F0116,TR3,S0034-100,F0115,Measured,SSMF_Telefonica,82.71,18.1962,0,1364.715,0.057,0.682087787,1,1,0,18.1962,1364.715,0.057,0.682087787,,ONN-X96,OLR,41,31,57,1,11,5,41,56,4,0,51,36,5.1,5.1,hiT 7300+,hiT 7300+,,,,-1,-1,-1,,,,,,,-1,-1,-1,,,,
F0129,TR3,S0038-100,F0130,Measured,SSMF_Telefonica,60.31,13.2682,0,995.115,0.057,0.582446349,1,1,0,13.2682,995.115,0.057,0.582446349,,ONN-X96,OLR,41,31,57,1,11,5,41,9,28,0,34,58,5.1,5.1,hiT 7300+,hiT 7300+,,,,-1,-1,-1,,,,,,,-1,-1,-1,,,,
F0130,S0038-100,TR3,F0129,Measured,SSMF_Telefonica,60.31,13.2682,0,995.115,0.057,0.582446349,1,1,0,13.2682,995.115,0.057,0.582446349,,OLR,ONN-X96,41,9,28,0,34,58,41,31,57,1,11,5,5.1,5.1,hiT 7300+,hiT 7300+,,,,-1,-1,-1,,,,,,,-1,-1,-1,,,,
F0127,S0037-100,TR6,F0128,Measured,SSMF_Telefonica,38.44,8.4568,0,634.26,0.057,0.464999999,1,1,0,8.4568,634.26,0.057,0.464999999,,OLR,ONN-X96,41,3,23,0,44,57,40,40,23,0,9,18,5.1,5.1,hiT 7300+,hiT 7300+,,,,-1,-1,-1,,,,,,,-1,-1,-1,,,,
F0128,TR6,S0037-100,F0127,Measured,SSMF_Telefonica,38.44,8.4568,0,634.26,0.057,0.464999999,1,1,0,8.4568,634.26,0.057,0.464999999,,ONN-X96,OLR,40,40,23,0,9,18,41,3,23,0,44,57,5.1,5.1,hiT 7300+,hiT 7300+,,,,-1,-1,-1,,,,,,,-1,-1,-1,,,,
F0131,S0038-100,TR6,F0132,Measured,SSMF_Telefonica,72.69,15.9918,0,1199.385,0.057,0.63943823,1,1,0,15.9918,1199.385,0.057,0.63943823,,OLR,ONN-X96,41,9,28,0,34,58,40,40,23,0,9,18,5.1,5.1,hiT 7300+,hiT 7300+,,,,-1,-1,-1,,,,,,,-1,-1,-1,,,,
F0132,TR6,S0038-100,F0131,Measured,SSMF_Telefonica,72.69,15.9918,0,1199.385,0.057,0.63943823,1,1,0,15.9918,1199.385,0.057,0.63943823,,ONN-X96,OLR,40,40,23,0,9,18,41,9,28,0,34,58,5.1,5.1,hiT 7300+,hiT 7300+,,,,-1,-1,-1,,,,,,,-1,-1,-1,,,,
F0135,S0039-100,TR6,F0136,Measured,SSMF_Telefonica,65.42,14.3924,0,1079.43,0.057,0.606619732,1,1,0,14.3924,1079.43,0.057,0.606619732,,OLR,ONN-X96,41,7,19,0,-24,-58,40,40,23,0,9,18,5.1,5.1,hiT 7300+,hiT 7300+,,,,-1,-1,-1,,,,,,,-1,-1,-1,,,,
F0136,TR6,S0039-100,F0135,Measured,SSMF_Telefonica,65.42,14.3924,0,1079.43,0.057,0.606619732,1,1,0,14.3924,1079.43,0.057,0.606619732,,ONN-X96,OLR,40,40,23,0,9,18,41,7,19,0,-24,-58,5.1,5.1,hiT 7300+,hiT 7300+,,,,-1,-1,-1,,,,,,,-1,-1,-1,,,,
F0137,S0040-100,TR6,F0138,Measured,SSMF_Telefonica,68.18,14.9996,0,1124.97,0.057,0.61928386,1,1,0,14.9996,1124.97,0.057,0.61928386,,OLR,ONN-X96,40,42,54,0,-39,-13,40,40,23,0,9,18,5.1,5.1,hiT 7300+,hiT 7300+,,,,-1,-1,-1,,,,,,,-1,-1,-1,,,,
F0138,TR6,S0040-100,F0137,Measured,SSMF_Telefonica,68.18,14.9996,0,1124.97,0.057,0.61928386,1,1,0,14.9996,1124.97,0.057,0.61928386,,ONN-X96,OLR,40,40,23,0,9,18,40,42,54,0,-39,-13,5.1,5.1,hiT 7300+,hiT 7300+,,,,-1,-1,-1,,,,,,,-1,-1,-1,,,,
F0141,TR6,S0041-100,F0142,Measured,SSMF_Telefonica,63.32,13.9304,0,1044.78,0.057,0.596803987,1,1,0,13.9304,1044.78,0.057,0.596803987,,ONN-X96,OLR,40,40,23,0,9,18,40,23,3,0,-21,-38,5.1,5.1,hiT 7300+,hiT 7300+,,,,-1,-1,-1,,,,,,,-1,-1,-1,,,,
F0142,S0041-100,TR6,F0141,Measured,SSMF_Telefonica,63.32,13.9304,0,1044.78,0.057,0.596803987,1,1,0,13.9304,1044.78,0.057,0.596803987,,OLR,ONN-X96,40,23,3,0,-21,-38,40,40,23,0,9,18,5.1,5.1,hiT 7300+,hiT 7300+,,,,-1,-1,-1,,,,,,,-1,-1,-1,,,,
F0093,S0028-100,F16-1,F0094,Measured,SSMF_Telefonica,62.56,13.7632,0,1032.24,0.057,0.593211597,1,1,0,13.7632,1032.24,0.057,0.593211597,,OLR,ONN-X96,41,30,10,-1,-34,-21,41,39,3,0,-53,-29,5.1,5.1,hiT 7300+,hiT 7300+,,,,-1,-1,-1,,,,,,,-1,-1,-1,,,,
F0094,F16-1,S0028-100,F0093,Measured,SSMF_Telefonica,62.56,13.7632,0,1032.24,0.057,0.593211597,1,1,0,13.7632,1032.24,0.057,0.593211597,,ONN-X96,OLR,41,39,3,0,-53,-29,41,30,10,-1,-34,-21,5.1,5.1,hiT 7300+,hiT 7300+,,,,-1,-1,-1,,,,,,,-1,-1,-1,,,,
F0105,S0031-100,F16-1,F0106,Measured,SSMF_Telefonica,79.63,17.5186,0,1313.895,0.057,0.669267323,1,1,0,17.5186,1313.895,0.057,0.669267323,,OLR,ONN-X96,41,58,32,-1,-27,-13,41,39,3,0,-53,-29,5.1,5.1,hiT 7300+,hiT 7300+,,,,-1,-1,-1,,,,,,,-1,-1,-1,,,,
F0106,F16-1,S0031-100,F0105,Measured,SSMF_Telefonica,79.63,17.5186,0,1313.895,0.057,0.669267323,1,1,0,17.5186,1313.895,0.057,0.669267323,,ONN-X96,OLR,41,39,3,0,-53,-29,41,58,32,-1,-27,-13,5.1,5.1,hiT 7300+,hiT 7300+,,,,-1,-1,-1,,,,,,,-1,-1,-1,,,,
F0119,F16-1,S0035-100,F0120,Measured,SSMF_Telefonica,71.44,15.7168,0,1178.76,0.057,0.633916398,1,1,0,15.7168,1178.76,0.057,0.633916398,,ONN-X96,OLR,41,39,3,0,-53,-29,42,0,18,0,-2,-38,5.1,5.1,hiT 7300+,hiT 7300+,,,,-1,-1,-1,,,,,,,-1,-1,-1,,,,
F0120,S0035-100,F16-1,F0119,Measured,SSMF_Telefonica,71.44,15.7168,0,1178.76,0.057,0.633916398,1,1,0,15.7168,1178.76,0.057,0.633916398,,OLR,ONN-X96,42,0,18,0,-2,-38,41,39,3,0,-53,-29,5.1,5.1,hiT 7300+,hiT 7300+,,,,-1,-1,-1,,,,,,,-1,-1,-1,,,,
F0133,F16-1,S0039-100,F0134,Measured,SSMF_Telefonica,63.58,13.9876,0,1049.07,0.057,0.598028009,1,1,0,13.9876,1049.07,0.057,0.598028009,,ONN-X96,OLR,41,39,3,0,-53,-29,41,7,19,0,-24,-58,5.1,5.1,hiT 7300+,hiT 7300+,,,,-1,-1,-1,,,,,,,-1,-1,-1,,,,
F0134,S0039-100,F16-1,F0133,Measured,SSMF_Telefonica,63.58,13.9876,0,1049.07,0.057,0.598028009,1,1,0,13.9876,1049.07,0.057,0.598028009,,OLR,ONN-X96,41,7,19,0,-24,-58,41,39,3,0,-53,-29,5.1,5.1,hiT 7300+,hiT 7300+,,,,-1,-1,-1,,,,,,,-1,-1,-1,,,,
F0035,S0007-100,TR12,F0036,Measured,SSMF_Telefonica,90.3,19.866,0,1489.95,0.057,0.712697341,1,1,0,19.866,1489.95,0.057,0.712697341,,OLR,ONN-X96,41,53,14,-6,-12,-50,41,18,24,-5,-36,-43,5.1,5.1,hiT 7300+,hiT 7300+,,,,-1,-1,-1,,,,,,,-1,-1,-1,,,,
F0036,TR12,S0007-100,F0035,Measured,SSMF_Telefonica,90.3,19.866,0,1489.95,0.057,0.712697341,1,1,0,19.866,1489.95,0.057,0.712697341,,ONN-X96,OLR,41,18,24,-5,-36,-43,41,53,14,-6,-12,-50,5.1,5.1,hiT 7300+,hiT 7300+,,,,-1,-1,-1,,,,,,,-1,-1,-1,,,,
F0043,TR12,S0010-100,F0044,Measured,SSMF_Telefonica,57.9,12.738,0,955.35,0.057,0.570690371,1,1,0,12.738,955.35,0.057,0.570690371,,ONN-X96,OLR,41,18,24,-5,-36,-43,40,47,35,-4,-44,-27,5.1,5.1,hiT 7300+,hiT 7300+,,,,-1,-1,-1,,,,,,,-1,-1,-1,,,,
F0044,S0010-100,TR12,F0043,Measured,SSMF_Telefonica,57.9,12.738,0,955.35,0.057,0.570690371,1,1,0,12.738,955.35,0.057,0.570690371,,OLR,ONN-X96,40,47,35,-4,-44,-27,41,18,24,-5,-36,-43,5.1,5.1,hiT 7300+,hiT 7300+,,,,-1,-1,-1,,,,,,,-1,-1,-1,,,,
F0047,TR12,S0011-100,F0048,Measured,SSMF_Telefonica,61.3,13.486,0,1011.45,0.057,0.587207373,1,1,0,13.486,1011.45,0.057,0.587207373,,ONN-X96,OLR,41,18,24,-5,-36,-43,40,31,43,-5,-28,-10,5.1,5.1,hiT 7300+,hiT 7300+,,,,-1,-1,-1,,,,,,,-1,-1,-1,,,,
F0048,S0011-100,TR12,F0047,Measured,SSMF_Telefonica,61.3,13.486,0,1011.45,0.057,0.587207373,1,1,0,13.486,1011.45,0.057,0.587207373,,OLR,ONN-X96,40,31,43,-5,-28,-10,41,18,24,-5,-36,-43,5.1,5.1,hiT 7300+,hiT 7300+,,,,-1,-1,-1,,,,,,,-1,-1,-1,,,,
F0051,TR12,S0012-100,F0052,Measured,SSMF_Telefonica,92.1,20.262,0,1519.65,0.057,0.719765586,1,1,0,20.262,1519.65,0.057,0.719765586,,ONN-X96,OLR,41,18,24,-5,-36,-43,40,39,40,-5,-54,-47,5.1,5.1,hiT 7300+,hiT 7300+,,,,-1,-1,-1,,,,,,,-1,-1,-1,,,,
F0052,S0012-100,TR12,F0051,Measured,SSMF_Telefonica,92.1,20.262,0,1519.65,0.057,0.719765586,1,1,0,20.262,1519.65,0.057,0.719765586,,OLR,ONN-X96,40,39,40,-5,-54,-47,41,18,24,-5,-36,-43,5.1,5.1,hiT 7300+,hiT 7300+,,,,-1,-1,-1,,,,,,,-1,-1,-1,,,,
F0031,S0006-100,F6-1,F0032,Measured,SSMF_Telefonica,91.4,20.108,0,1508.1,0.057,0.717025104,1,1,0,20.108,1508.1,0.057,0.717025104,,OLR,ONN-X96,41,52,53,-4,-14,-59,41,21,16,-4,-8,-20,5.1,5.1,hiT 7300+,hiT 7300+,,,,-1,-1,-1,,,,,,,-1,-1,-1,,,,
F0032,F6-1,S0006-100,F0031,Measured,SSMF_Telefonica,91.4,20.108,0,1508.1,0.057,0.717025104,1,1,0,20.108,1508.1,0.057,0.717025104,,ONN-X96,OLR,41,21,16,-4,-8,-20,41,52,53,-4,-14,-59,5.1,5.1,hiT 7300+,hiT 7300+,,,,-1,-1,-1,,,,,,,-1,-1,-1,,,,
F0041,S0009-100,F6-1,F0042,Measured,SSMF_Telefonica,80.0,17.6,0,1320.0,0.057,0.670820393,1,1,0,17.6,1320.0,0.057,0.670820393,,OLR,ONN-X96,41,38,21,-5,-1,-33,41,21,16,-4,-8,-20,5.1,5.1,hiT 7300+,hiT 7300+,,,,-1,-1,-1,,,,,,,-1,-1,-1,,,,
F0042,F6-1,S0009-100,F0041,Measured,SSMF_Telefonica,80.0,17.6,0,1320.0,0.057,0.670820393,1,1,0,17.6,1320.0,0.057,0.670820393,,ONN-X96,OLR,41,21,16,-4,-8,-20,41,38,21,-5,-1,-33,5.1,5.1,hiT 7300+,hiT 7300+,,,,-1,-1,-1,,,,,,,-1,-1,-1,,,,
F0057,F6-1,S0018-100,F0058,Measured,SSMF_Telefonica,58.8,12.936,0,970.2,0.057,0.575108685,1,1,0,12.936,970.2,0.057,0.575108685,,ONN-X96,OLR,41,21,16,-4,-8,-20,41,6,15,-3,-37,-26,5.1,5.1,hiT 7300+,hiT 7300+,,,,-1,-1,-1,,,,,,,-1,-1,-1,,,,
F0058,S0018-100,F6-1,F0057,Measured,SSMF_Telefonica,58.8,12.936,0,970.2,0.057,0.575108685,1,1,0,12.936,970.2,0.057,0.575108685,,OLR,ONN-X96,41,6,15,-3,-37,-26,41,21,16,-4,-8,-20,5.1,5.1,hiT 7300+,hiT 7300+,,,,-1,-1,-1,,,,,,,-1,-1,-1,,,,
F0063,S0019-100,F6-1,F0064,Measured,SSMF_Telefonica,34.18,7.5196,0,563.97,0.057,0.438477479,1,1,0,7.5196,563.97,0.057,0.438477479,,OLR,ONN-X96,41,24,49,-3,-22,-42,41,21,16,-4,-8,-20,5.1,5.1,hiT 7300+,hiT 7300+,,,,-1,-1,-1,,,,,,,-1,-1,-1,,,,
F0064,F6-1,S0019-100,F0063,Measured,SSMF_Telefonica,34.18,7.5196,0,563.97,0.057,0.438477479,1,1,0,7.5196,563.97,0.057,0.438477479,,ONN-X96,OLR,41,21,16,-4,-8,-20,41,24,49,-3,-22,-42,5.1,5.1,hiT 7300+,hiT 7300+,,,,-1,-1,-1,,,,,,,-1,-1,-1,,,,
F0065,F6-1,S0020-100,F0066,Measured,SSMF_Telefonica,62.57,13.7654,0,1032.405,0.057,0.593259007,1,1,0,13.7654,1032.405,0.057,0.593259007,,ONN-X96,OLR,41,21,16,-4,-8,-20,42,24,56,-3,-24,-8,5.1,5.1,hiT 7300+,hiT 7300+,,,,-1,-1,-1,,,,,,,-1,-1,-1,,,,
F0066,S0020-100,F6-1,F0065,Measured,SSMF_Telefonica,62.57,13.7654,0,1032.405,0.057,0.593259007,1,1,0,13.7654,1032.405,0.057,0.593259007,,OLR,ONN-X96,42,24,56,-3,-24,-8,41,21,16,-4,-8,-20,5.1,5.1,hiT 7300+,hiT 7300+,,,,-1,-1,-1,,,,,,,-1,-1,-1,,,,
F0061,S0019-100,F10-1,F0062,Measured,SSMF_Telefonica,67.8,14.916,0,1118.7,0.057,0.617555665,1,1,0,14.916,1118.7,0.057,0.617555665,,OLR,ONN-X96,41,24,49,-3,-22,-42,41,22,41,-2,-13,-19,5.1,5.1,hiT 7300+,hiT 7300+,,,,-1,-1,-1,,,,,,,-1,-1,-1,,,,
F0062,F10-1,S0019-100,F0061,Measured,SSMF_Telefonica,67.8,14.916,0,1118.7,0.057,0.617555665,1,1,0,14.916,1118.7,0.057,0.617555665,,ONN-X96,OLR,41,22,41,-2,-13,-19,41,24,49,-3,-22,-42,5.1,5.1,hiT 7300+,hiT 7300+,,,,-1,-1,-1,,,,,,,-1,-1,-1,,,,
F0087,F10-1,S0027-100,F0088,Measured,SSMF_Telefonica,60.1,13.222,0,991.65,0.057,0.581431423,1,1,0,13.222,991.65,0.057,0.581431423,,ONN-X96,OLR,41,22,41,-2,-13,-19,41,56,25,-2,-7,-37,5.1,5.1,hiT 7300+,hiT 7300+,,,,-1,-1,-1,,,,,,,-1,-1,-1,,,,
F0088,S0027-100,F10-1,F0087,Measured,SSMF_Telefonica,60.1,13.222,0,991.65,0.057,0.581431423,1,1,0,13.222,991.65,0.057,0.581431423,,OLR,ONN-X96,41,56,25,-2,-7,-37,41,22,41,-2,-13,-19,5.1,5.1,hiT 7300+,hiT 7300+,,,,-1,-1,-1,,,,,,,-1,-1,-1,,,,
F0091,F10-1,S0028-100,F0092,Measured,SSMF_Telefonica,63.44,13.9568,0,1046.76,0.057,0.597369232,1,1,0,13.9568,1046.76,0.057,0.597369232,,ONN-X96,OLR,41,22,41,-2,-13,-19,41,30,10,-1,-34,-21,5.1,5.1,hiT 7300+,hiT 7300+,,,,-1,-1,-1,,,,,,,-1,-1,-1,,,,
F0092,S0028-100,F10-1,F0091,Measured,SSMF_Telefonica,63.44,13.9568,0,1046.76,0.057,0.597369232,1,1,0,13.9568,1046.76,0.057,0.597369232,,OLR,ONN-X96,41,30,10,-1,-34,-21,41,22,41,-2,-13,-19,5.1,5.1,hiT 7300+,hiT 7300+,,,,-1,-1,-1,,,,,,,-1,-1,-1,,,,
F0149,S0025-100,F10-1,F0150,Measured,SSMF_Telefonica,45.8,10.076,0,755.7,0.057,0.507567729,1,1,0,10.076,755.7,0.057,0.507567729,,OLR,ONN-X96,41,6,58,-2,-33,-17,41,22,41,-2,-13,-19,5.1,5.1,hiT 7300+,hiT 7300+,,,,-1,-1,-1,,,,,,,-1,-1,-1,,,,
F0150,F10-1,S0025-100,F0149,Measured,SSMF_Telefonica,45.8,10.076,0,755.7,0.057,0.507567729,1,1,0,10.076,755.7,0.057,0.507567729,,ONN-X96,OLR,41,22,41,-2,-13,-19,41,6,58,-2,-33,-17,5.1,5.1,hiT 7300+,hiT 7300+,,,,-1,-1,-1,,,,,,,-1,-1,-1,,,,
F0045,S0010-100,TR1,F0046,Measured,SSMF_Telefonica,85.1,18.722,0,1404.15,0.057,0.691872459,1,1,0,18.722,1404.15,0.057,0.691872459,,OLR,ONN-X96,40,47,35,-4,-44,-27,40,25,56,-3,-39,-49,5.1,5.1,hiT 7300+,hiT 7300+,,,,-1,-1,-1,,,,,,,-1,-1,-1,,,,
F0046,TR1,S0010-100,F0045,Measured,SSMF_Telefonica,85.1,18.722,0,1404.15,0.057,0.691872459,1,1,0,18.722,1404.15,0.057,0.691872459,,ONN-X96,OLR,40,25,56,-3,-39,-49,40,47,35,-4,-44,-27,5.1,5.1,hiT 7300+,hiT 7300+,,,,-1,-1,-1,,,,,,,-1,-1,-1,,,,
F0069,F7-1,TR1,F0070,Measured,SSMF_Telefonica,52.0,11.44,0,858.0,0.057,0.540832691,1,1,0,11.44,858.0,0.057,0.540832691,,ONN-X96,ONN-X96,40,8,54,-3,-16,-31,40,25,56,-3,-39,-49,5.1,5.1,hiT 7300+,hiT 7300+,,,,-1,-1,-1,,,,,,,-1,-1,-1,,,,
F0070,TR1,F7-1,F0069,Measured,SSMF_Telefonica,52.0,11.44,0,858.0,0.057,0.540832691,1,1,0,11.44,858.0,0.057,0.540832691,,ONN-X96,ONN-X96,40,25,56,-3,-39,-49,40,8,54,-3,-16,-31,5.1,5.1,hiT 7300+,hiT 7300+,,,,-1,-1,-1,,,,,,,-1,-1,-1,,,,
F0083,TR1,S0024-100,F0084,Measured,SSMF_Telefonica,63.42,13.9524,0,1046.43,0.057,0.597275062,1,1,0,13.9524,1046.43,0.057,0.597275062,,ONN-X96,OLR,40,25,56,-3,-39,-49,40,45,25,-3,-33,-38,5.1,5.1,hiT 7300+,hiT 7300+,,,,-1,-1,-1,,,,,,,-1,-1,-1,,,,
F0084,S0024-100,TR1,F0083,Measured,SSMF_Telefonica,63.42,13.9524,0,1046.43,0.057,0.597275062,1,1,0,13.9524,1046.43,0.057,0.597275062,,OLR,ONN-X96,40,45,25,-3,-33,-38,40,25,56,-3,-39,-49,5.1,5.1,hiT 7300+,hiT 7300+,,,,-1,-1,-1,,,,,,,-1,-1,-1,,,,
F0059,S0018-100,TR2,F0060,Measured,SSMF_Telefonica,55.2,12.144,0,910.8,0.057,0.557225268,1,1,0,12.144,910.8,0.057,0.557225268,,OLR,ONN-X96,41,6,15,-3,-37,-26,40,50,6,-2,-57,-59,5.1,5.1,hiT 7300+,hiT 7300+,,,,-1,-1,-1,,,,,,,-1,-1,-1,,,,
F0060,TR2,S0018-100,F0059,Measured,SSMF_Telefonica,55.2,12.144,0,910.8,0.057,0.557225268,1,1,0,12.144,910.8,0.057,0.557225268,,ONN-X96,OLR,40,50,6,-2,-57,-59,41,6,15,-3,-37,-26,5.1,5.1,hiT 7300+,hiT 7300+,,,,-1,-1,-1,,,,,,,-1,-1,-1,,,,
F0073,S0021-100,TR2,F0074,Measured,SSMF_Telefonica,30.96,6.8112,0,510.84,0.057,0.417312832,1,1,0,6.8112,510.84,0.057,0.417312832,,OLR,ONN-X96,40,27,1,-2,-39,-27,40,50,6,-2,-57,-59,5.1,5.1,hiT 7300+,hiT 7300+,,,,-1,-1,-1,,,,,,,-1,-1,-1,,,,
F0074,TR2,S0021-100,F0073,Measured,SSMF_Telefonica,30.96,6.8112,0,510.84,0.057,0.417312832,1,1,0,6.8112,510.84,0.057,0.417312832,,ONN-X96,OLR,40,50,6,-2,-57,-59,40,27,1,-2,-39,-27,5.1,5.1,hiT 7300+,hiT 7300+,,,,-1,-1,-1,,,,,,,-1,-1,-1,,,,
F0085,S0024-100,TR2,F0086,Measured,SSMF_Telefonica,35.58,7.8276,0,587.07,0.057,0.447367298,1,1,0,7.827599999,587.07,0.057,0.447367298,,OLR,ONN-X96,40,45,25,-3,-33,-38,40,50,6,-2,-57,-59,5.1,5.1,hiT 7300+,hiT 7300+,,,,-1,-1,-1,,,,,,,-1,-1,-1,,,,
F0086,TR2,S0024-100,F0085,Measured,SSMF_Telefonica,35.58,7.8276,0,587.07,0.057,0.447367298,1,1,0,7.827599999,587.07,0.057,0.447367298,,ONN-X96,OLR,40,50,6,-2,-57,-59,40,45,25,-3,-33,-38,5.1,5.1,hiT 7300+,hiT 7300+,,,,-1,-1,-1,,,,,,,-1,-1,-1,,,,
F0147,TR2,S0025-100,F0148,Measured,SSMF_Telefonica,61.2,13.464,0,1009.8,0.057,0.586728216,1,1,0,13.464,1009.8,0.057,0.586728216,,ONN-X96,OLR,40,50,6,-2,-57,-59,41,6,58,-2,-33,-17,5.1,5.1,hiT 7300+,hiT 7300+,,,,-1,-1,-1,,,,,,,-1,-1,-1,,,,
F0148,S0025-100,TR2,F0147,Measured,SSMF_Telefonica,61.2,13.464,0,1009.8,0.057,0.586728216,1,1,0,13.464,1009.8,0.057,0.586728216,,OLR,ONN-X96,41,6,58,-2,-33,-17,40,50,6,-2,-57,-59,5.1,5.1,hiT 7300+,hiT 7300+,,,,-1,-1,-1,,,,,,,-1,-1,-1,,,,
F0151,TR2,S0026-100,F0152,Measured,SSMF_Telefonica,60.74,13.3628,0,1002.21,0.057,0.584519033,1,1,0,13.3628,1002.21,0.057,0.584519033,,ONN-X96,OLR,40,50,6,-2,-57,-59,40,43,37,-2,-11,-54,5.1,5.1,hiT 7300+,hiT 7300+,,,,-1,-1,-1,,,,,,,-1,-1,-1,,,,
F0152,S0026-100,TR2,F0151,Measured,SSMF_Telefonica,60.74,13.3628,0,1002.21,0.057,0.584519033,1,1,0,13.3628,1002.21,0.057,0.584519033,,OLR,ONN-X96,40,43,37,-2,-11,-54,40,50,6,-2,-57,-59,5.1,5.1,hiT 7300+,hiT 7300+,,,,-1,-1,-1,,,,,,,-1,-1,-1,,,,
F0139,S0040-100,F18-1,F0140,Measured,SSMF_Telefonica,71.82,15.8004,0,1185.03,0.057,0.63560011,1,1,0,15.8004,1185.03,0.057,0.63560011,,OLR,ONN-X96,40,42,54,0,-39,-13,40,46,30,-1,-12,-58,5.1,5.1,hiT 7300+,hiT 7300+,,,,-1,-1,-1,,,,,,,-1,-1,-1,,,,
F0140,F18-1,S0040-100,F0139,Measured,SSMF_Telefonica,71.82,15.8004,0,1185.03,0.057,0.63560011,1,1,0,15.8004,1185.03,0.057,0.63560011,,ONN-X96,OLR,40,46,30,-1,-12,-58,40,42,54,0,-39,-13,5.1,5.1,hiT 7300+,hiT 7300+,,,,-1,-1,-1,,,,,,,-1,-1,-1,,,,
F0145,F18-1,TR5,F0146,Measured,SSMF_Telefonica,81.0,17.82,0,1336.5,0.057,0.674999999,1,1,0,17.82,1336.5,0.057,0.674999999,,ONN-X96,ONN-X96,40,46,30,-1,-12,-58,40,7,5,0,-55,-51,5.1,5.1,hiT 7300+,hiT 7300+,,,,-1,-1,-1,,,,,,,-1,-1,-1,,,,
F0146,TR5,F18-1,F0145,Measured,SSMF_Telefonica,81.0,17.82,0,1336.5,0.057,0.674999999,1,1,0,17.82,1336.5,0.057,0.674999999,,ONN-X96,ONN-X96,40,7,5,0,-55,-51,40,46,30,-1,-12,-58,5.1,5.1,hiT 7300+,hiT 7300+,,,,-1,-1,-1,,,,,,,-1,-1,-1,,,,
F0155,S0042-100,F18-1,F0156,Measured,SSMF_Telefonica,41.87,9.2114,0,690.855,0.057,0.48530274,1,1,0,9.2114,690.855,0.057,0.48530274,,OLR,ONN-X96,40,43,59,-1,-43,-51,40,46,30,-1,-12,-58,5.1,5.1,hiT 7300+,hiT 7300+,,,,-1,-1,-1,,,,,,,-1,-1,-1,,,,
F0156,F18-1,S0042-100,F0155,Measured,SSMF_Telefonica,41.87,9.2114,0,690.855,0.057,0.48530274,1,1,0,9.2114,690.855,0.057,0.48530274,,ONN-X96,OLR,40,46,30,-1,-12,-58,40,43,59,-1,-43,-51,5.1,5.1,hiT 7300+,hiT 7300+,,,,-1,-1,-1,,,,,,,-1,-1,-1,,,,
F0157,F18-1,S0043-100,F0158,Measured,SSMF_Telefonica,62.3,13.706,0,1027.95,0.057,0.591977617,1,1,0,13.706,1027.95,0.057,0.591977617,,ONN-X96,OLR,40,46,30,-1,-12,-58,40,21,14,-1,-46,-14,5.1,5.1,hiT 7300+,hiT 7300+,,,,-1,-1,-1,,,,,,,-1,-1,-1,,,,
F0158,S0043-100,F18-1,F0157,Measured,SSMF_Telefonica,62.3,13.706,0,1027.95,0.057,0.591977617,1,1,0,13.706,1027.95,0.057,0.591977617,,OLR,ONN-X96,40,21,14,-1,-46,-14,40,46,30,-1,-12,-58,5.1,5.1,hiT 7300+,hiT 7300+,,,,-1,-1,-1,,,,,,,-1,-1,-1,,,,
F0143,S0041-100,TR5,F0144,Measured,SSMF_Telefonica,90.68,19.9496,0,1496.22,0.057,0.714195351,1,1,0,19.9496,1496.22,0.057,0.714195351,,OLR,ONN-X96,40,23,3,0,-21,-38,40,7,5,0,-55,-51,5.1,5.1,hiT 7300+,hiT 7300+,,,,-1,-1,-1,,,,,,,-1,-1,-1,,,,
F0144,TR5,S0041-100,F0143,Measured,SSMF_Telefonica,90.68,19.9496,0,1496.22,0.057,0.714195351,1,1,0,19.9496,1496.22,0.057,0.714195351,,ONN-X96,OLR,40,7,5,0,-55,-51,40,23,3,0,-21,-38,5.1,5.1,hiT 7300+,hiT 7300+,,,,-1,-1,-1,,,,,,,-1,-1,-1,,,,
F0161,TR5,S0044-100,F0162,Measured,SSMF_Telefonica,58.14,12.7908,0,959.31,0.057,0.571871926,1,1,0,12.7908,959.31,0.057,0.571871926,,ONN-X96,OLR,40,7,5,0,-55,-51,39,59,48,-1,-38,-9,5.1,5.1,hiT 7300+,hiT 7300+,,,,-1,-1,-1,,,,,,,-1,-1,-1,,,,
F0162,S0044-100,TR5,F0161,Measured,SSMF_Telefonica,58.14,12.7908,0,959.31,0.057,0.571871926,1,1,0,12.7908,959.31,0.057,0.571871926,,OLR,ONN-X96,39,59,48,-1,-38,-9,40,7,5,0,-55,-51,5.1,5.1,hiT 7300+,hiT 7300+,,,,-1,-1,-1,,,,,,,-1,-1,-1,,,,
F0165,TR5,S0048-100,F0166,Measured,SSMF_Telefonica,63.77,14.0294,0,1052.205,0.057,0.598920904,1,1,0,14.0294,1052.205,0.057,0.598920904,,ONN-X96,OLR,40,7,5,0,-55,-51,39,33,31,0,-56,-20,5.1,5.1,hiT 7300+,hiT 7300+,,,,-1,-1,-1,,,,,,,-1,-1,-1,,,,
F0166,S0048-100,TR5,F0165,Measured,SSMF_Telefonica,63.77,14.0294,0,1052.205,0.057,0.598920904,1,1,0,14.0294,1052.205,0.057,0.598920904,,OLR,ONN-X96,39,33,31,0,-56,-20,40,7,5,0,-55,-51,5.1,5.1,hiT 7300+,hiT 7300+,,,,-1,-1,-1,,,,,,,-1,-1,-1,,,,
F0071,F7-1,S0021-100,F0072,Measured,SSMF_Telefonica,58.04,12.7688,0,957.66,0.057,0.571379908,1,1,0,12.7688,957.66,0.057,0.571379908,,ONN-X96,OLR,40,8,54,-3,-16,-31,40,27,1,-2,-39,-27,5.1,5.1,hiT 7300+,hiT 7300+,,,,-1,-1,-1,,,,,,,-1,-1,-1,,,,
F0072,S0021-100,F7-1,F0071,Measured,SSMF_Telefonica,58.04,12.7688,0,957.66,0.057,0.571379908,1,1,0,12.7688,957.66,0.057,0.571379908,,OLR,ONN-X96,40,27,1,-2,-39,-27,40,8,54,-3,-16,-31,5.1,5.1,hiT 7300+,hiT 7300+,,,,-1,-1,-1,,,,,,,-1,-1,-1,,,,
F0075,F7-1,S0022-100,F0076,Measured,SSMF_Telefonica,64.0,14.08,0,1056.0,0.057,0.6,1,1,0,14.08,1056.0,0.057,0.6,,ONN-X96,OLR,40,8,54,-3,-16,-31,40,3,5,-2,-48,-58,5.1,5.1,hiT 7300+,hiT 7300+,,,,-1,-1,-1,,,,,,,-1,-1,-1,,,,
F0076,S0022-100,F7-1,F0075,Measured,SSMF_Telefonica,64.0,14.08,0,1056.0,0.057,0.6,1,1,0,14.08,1056.0,0.057,0.6,,OLR,ONN-X96,40,3,5,-2,-48,-58,40,8,54,-3,-16,-31,5.1,5.1,hiT 7300+,hiT 7300+,,,,-1,-1,-1,,,,,,,-1,-1,-1,,,,
F0079,F7-1,S0023-100,F0080,Measured,SSMF_Telefonica,65.66,14.4452,0,1083.39,0.057,0.607731437,1,1,0,14.4452,1083.39,0.057,0.607731437,,ONN-X96,OLR,40,8,54,-3,-16,-31,39,53,59,-4,-17,-50,5.1,5.1,hiT 7300+,hiT 7300+,,,,-1,-1,-1,,,,,,,-1,-1,-1,,,,
F0080,S0023-100,F7-1,F0079,Measured,SSMF_Telefonica,65.66,14.4452,0,1083.39,0.057,0.607731437,1,1,0,14.4452,1083.39,0.057,0.607731437,,OLR,ONN-X96,39,53,59,-4,-17,-50,40,8,54,-3,-16,-31,5.1,5.1,hiT 7300+,hiT 7300+,,,,-1,-1,-1,,,,,,,-1,-1,-1,,,,
F0077,S0022-100,F20-1,F0078,Measured,SSMF_Telefonica,74.0,16.28,0,1221.0,0.057,0.645174395,1,1,0,16.28,1221.0,0.057,0.645174395,,OLR,ONN-X96,40,3,5,-2,-48,-58,39,55,4,-2,-12,-22,5.1,5.1,hiT 7300+,hiT 7300+,,,,-1,-1,-1,,,,,,,-1,-1,-1,,,,
F0078,F20-1,S0022-100,F0077,Measured,SSMF_Telefonica,74.0,16.28,0,1221.0,0.057,0.645174395,1,1,0,16.28,1221.0,0.057,0.645174395,,ONN-X96,OLR,39,55,4,-2,-12,-22,40,3,5,-2,-48,-58,5.1,5.1,hiT 7300+,hiT 7300+,,,,-1,-1,-1,,,,,,,-1,-1,-1,,,,
F0159,S0043-100,F20-1,F0160,Measured,SSMF_Telefonica,66.7,14.674,0,1100.55,0.057,0.612525509,1,1,0,14.674,1100.55,0.057,0.612525509,,OLR,ONN-X96,40,21,14,-1,-46,-14,39,55,4,-2,-12,-22,5.1,5.1,hiT 7300+,hiT 7300+,,,,-1,-1,-1,,,,,,,-1,-1,-1,,,,
F0160,F20-1,S0043-100,F0159,Measured,SSMF_Telefonica,66.7,14.674,0,1100.55,0.057,0.612525509,1,1,0,14.674,1100.55,0.057,0.612525509,,ONN-X96,OLR,39,55,4,-2,-12,-22,40,21,14,-1,-46,-14,5.1,5.1,hiT 7300+,hiT 7300+,,,,-1,-1,-1,,,,,,,-1,-1,-1,,,,
F0163,S0044-100,F20-1,F0164,Measured,SSMF_Telefonica,83.86,18.4492,0,1383.69,0.057,0.686813293,1,1,0,18.4492,1383.69,0.057,0.686813293,,OLR,ONN-X96,39,59,48,-1,-38,-9,39,55,4,-2,-12,-22,5.1,5.1,hiT 7300+,hiT 7300+,,,,-1,-1,-1,,,,,,,-1,-1,-1,,,,
F0164,F20-1,S0044-100,F0163,Measured,SSMF_Telefonica,83.86,18.4492,0,1383.69,0.057,0.686813293,1,1,0,18.4492,1383.69,0.057,0.686813293,,ONN-X96,OLR,39,55,4,-2,-12,-22,39,59,48,-1,-38,-9,5.1,5.1,hiT 7300+,hiT 7300+,,,,-1,-1,-1,,,,,,,-1,-1,-1,,,,
F0169,F20-1,S0045-100,F0170,Measured,SSMF_Telefonica,61.72,13.5784,0,1018.38,0.057,0.58921558,1,1,0,13.5784,1018.38,0.057,0.58921558,,ONN-X96,OLR,39,55,4,-2,-12,-22,39,23,14,-1,-38,-9,5.1,5.1,hiT 7300+,hiT 7300+,,,,-1,-1,-1,,,,,,,-1,-1,-1,,,,
F0170,S0045-100,F20-1,F0169,Measured,SSMF_Telefonica,61.72,13.5784,0,1018.38,0.057,0.58921558,1,1,0,13.5784,1018.38,0.057,0.58921558,,OLR,ONN-X96,39,23,14,-1,-38,-9,39,55,4,-2,-12,-22,5.1,5.1,hiT 7300+,hiT 7300+,,,,-1,-1,-1,,,,,,,-1,-1,-1,,,,
F0173,F20-1,S0046-100,F0174,Measured,SSMF_Telefonica,64.34,14.1548,0,1061.61,0.057,0.601591638,1,1,0,14.1548,1061.61,0.057,0.601591638,,ONN-X96,OLR,39,55,4,-2,-12,-22,39,34,59,-2,-38,-2,5.1,5.1,hiT 7300+,hiT 7300+,,,,-1,-1,-1,,,,,,,-1,-1,-1,,,,
F0174,S0046-100,F20-1,F0173,Measured,SSMF_Telefonica,64.34,14.1548,0,1061.61,0.057,0.601591638,1,1,0,14.1548,1061.61,0.057,0.601591638,,OLR,ONN-X96,39,34,59,-2,-38,-2,39,55,4,-2,-12,-22,5.1,5.1,hiT 7300+,hiT 7300+,,,,-1,-1,-1,,,,,,,-1,-1,-1,,,,
F0167,S0048-100,F21-1,F0168,Measured,SSMF_Telefonica,38.23,8.4106,0,630.795,0.057,0.463728099,1,1,0,8.410599999,630.795,0.057,0.463728099,,OLR,ONN-X96,39,33,31,0,-56,-20,38,58,34,0,-59,-11,5.1,5.1,hiT 7300+,hiT 7300+,,,,-1,-1,-1,,,,,,,-1,-1,-1,,,,
F0168,F21-1,S0048-100,F0167,Measured,SSMF_Telefonica,38.23,8.4106,0,630.795,0.057,0.463728099,1,1,0,8.410599999,630.795,0.057,0.463728099,,ONN-X96,OLR,38,58,34,0,-59,-11,39,33,31,0,-56,-20,5.1,5.1,hiT 7300+,hiT 7300+,,,,-1,-1,-1,,,,,,,-1,-1,-1,,,,
F0171,S0045-100,F21-1,F0172,Measured,SSMF_Telefonica,75.28,16.5616,0,1242.12,0.057,0.650730358,1,1,0,16.5616,1242.12,0.057,0.650730358,,OLR,ONN-X96,39,23,14,-1,-38,-9,38,58,34,0,-59,-11,5.1,5.1,hiT 7300+,hiT 7300+,,,,-1,-1,-1,,,,,,,-1,-1,-1,,,,
F0172,F21-1,S0045-100,F0171,Measured,SSMF_Telefonica,75.28,16.5616,0,1242.12,0.057,0.650730358,1,1,0,16.5616,1242.12,0.057,0.650730358,,ONN-X96,OLR,38,58,34,0,-59,-11,39,23,14,-1,-38,-9,5.1,5.1,hiT 7300+,hiT 7300+,,,,-1,-1,-1,,,,,,,-1,-1,-1,,,,
F0177,F21-1,S0047-100,F0178,Measured,SSMF_Telefonica,67.23,14.7906,0,1109.295,0.057,0.614954266,1,1,0,14.7906,1109.295,0.057,0.614954266,,ONN-X96,OLR,38,58,34,0,-59,-11,38,42,16,-1,-25,-19,5.1,5.1,hiT 7300+,hiT 7300+,,,,-1,-1,-1,,,,,,,-1,-1,-1,,,,
F0178,S0047-100,F21-1,F0177,Measured,SSMF_Telefonica,67.23,14.7906,0,1109.295,0.057,0.614954266,1,1,0,14.7906,1109.295,0.057,0.614954266,,OLR,ONN-X96,38,42,16,-1,-25,-19,38,58,34,0,-59,-11,5.1,5.1,hiT 7300+,hiT 7300+,,,,-1,-1,-1,,,,,,,-1,-1,-1,,,,
F0179,S0047-100,F22-1,F0180,Measured,SSMF_Telefonica,51.77,11.3894,0,854.205,0.057,0.539635293,1,1,0,11.3894,854.205,0.057,0.539635293,,OLR,ONN-X96,38,42,16,-1,-25,-19,38,31,53,-1,-54,-19,5.1,5.1,hiT 7300+,hiT 7300+,,,,-1,-1,-1,,,,,,,-1,-1,-1,,,,
F0180,F22-1,S0047-100,F0179,Measured,SSMF_Telefonica,51.77,11.3894,0,854.205,0.057,0.539635293,1,1,0,11.3894,854.205,0.057,0.539635293,,ONN-X96,OLR,38,31,53,-1,-54,-19,38,42,16,-1,-25,-19,5.1,5.1,hiT 7300+,hiT 7300+,,,,-1,-1,-1,,,,,,,-1,-1,-1,,,,
F0183,S0049-100,F22-1,F0184,Measured,SSMF_Telefonica,66.74,14.6828,0,1101.21,0.057,0.612709147,1,1,0,14.6828,1101.21,0.057,0.612709147,,OLR,ONN-X96,38,13,37,-2,-38,-59,38,31,53,-1,-54,-19,5.1,5.1,hiT 7300+,hiT 7300+,,,,-1,-1,-1,,,,,,,-1,-1,-1,,,,
F0184,F22-1,S0049-100,F0183,Measured,SSMF_Telefonica,66.74,14.6828,0,1101.21,0.057,0.612709147,1,1,0,14.6828,1101.21,0.057,0.612709147,,ONN-X96,OLR,38,31,53,-1,-54,-19,38,13,37,-2,-38,-59,5.1,5.1,hiT 7300+,hiT 7300+,,,,-1,-1,-1,,,,,,,-1,-1,-1,,,,
F0185,F22-1,S0050-100,F0186,Measured,SSMF_Telefonica,63.22,13.9084,0,1043.13,0.057,0.596332541,1,1,0,13.9084,1043.13,0.057,0.596332541,,ONN-X96,OLR,38,31,53,-1,-54,-19,37,42,9,-2,-22,-49,5.1,5.1,hiT 7300+,hiT 7300+,,,,-1,-1,-1,,,,,,,-1,-1,-1,,,,
F0186,S0050-100,F22-1,F0185,Measured,SSMF_Telefonica,63.22,13.9084,0,1043.13,0.057,0.596332541,1,1,0,13.9084,1043.13,0.057,0.596332541,,OLR,ONN-X96,37,42,9,-2,-22,-49,38,31,53,-1,-54,-19,5.1,5.1,hiT 7300+,hiT 7300+,,,,-1,-1,-1,,,,,,,-1,-1,-1,,,,
F0187,S0050-100,TR8,F0188,Measured,SSMF_Telefonica,77.78,17.1116,0,1283.37,0.057,0.661447276,1,1,0,17.1116,1283.37,0.057,0.661447276,,OLR,ONN-X96,37,42,9,-2,-22,-49,37,7,3,-2,-52,-46,5.1,5.1,hiT 7300+,hiT 7300+,,,,-1,-1,-1,,,,,,,-1,-1,-1,,,,
F0188,TR8,S0050-100,F0187,Measured,SSMF_Telefonica,77.78,17.1116,0,1283.37,0.057,0.661447276,1,1,0,17.1116,1283.37,0.057,0.661447276,,ONN-X96,OLR,37,7,3,-2,-52,-46,37,42,9,-2,-22,-49,5.1,5.1,hiT 7300+,hiT 7300+,,,,-1,-1,-1,,,,,,,-1,-1,-1,,,,
F0191,S0051-100,TR8,F0192,Measured,SSMF_Telefonica,91.1,20.042,0,1503.15,0.057,0.715847399,1,1,0,20.042,1503.15,0.057,0.715847399,,OLR,ONN-X96,37,30,29,-3,-10,-21,37,7,3,-2,-52,-46,5.1,5.1,hiT 7300+,hiT 7300+,,,,-1,-1,-1,,,,,,,-1,-1,-1,,,,
F0192,TR8,S0051-100,F0191,Measured,SSMF_Telefonica,91.1,20.042,0,1503.15,0.057,0.715847399,1,1,0,20.042,1503.15,0.057,0.715847399,,ONN-X96,OLR,37,7,3,-2,-52,-46,37,30,29,-3,-10,-21,5.1,5.1,hiT 7300+,hiT 7300+,,,,-1,-1,-1,,,,,,,-1,-1,-1,,,,
F0201,TR8,S0055-100,F0202,Measured,SSMF_Telefonica,64.28,14.1416,0,1060.62,0.057,0.601311067,1,1,0,14.1416,1060.62,0.057,0.601311067,,ONN-X96,OLR,37,7,3,-2,-52,-46,37,1,44,-3,-33,-38,5.1,5.1,hiT 7300+,hiT 7300+,,,,-1,-1,-1,,,,,,,-1,-1,-1,,,,
F0202,S0055-100,TR8,F0201,Measured,SSMF_Telefonica,64.28,14.1416,0,1060.62,0.057,0.601311067,1,1,0,14.1416,1060.62,0.057,0.601311067,,OLR,ONN-X96,37,1,44,-3,-33,-38,37,7,3,-2,-52,-46,5.1,5.1,hiT 7300+,hiT 7300+,,,,-1,-1,-1,,,,,,,-1,-1,-1,,,,
F0205,S0054-100,F30-1,F0206,Measured,SSMF_Telefonica,68.02,14.9644,0,1122.33,0.057,0.618556788,1,1,0,14.9644,1122.33,0.057,0.618556788,,OLR,ONN-X96,36,59,5,-4,-1,-40,36,56,25,-4,-59,-10,5.1,5.1,hiT 7300+,hiT 7300+,,,,-1,-1,-1,,,,,,,-1,-1,-1,,,,
F0206,F30-1,S0054-100,F0205,Measured,SSMF_Telefonica,68.02,14.9644,0,1122.33,0.057,0.618556788,1,1,0,14.9644,1122.33,0.057,0.618556788,,ONN-X96,OLR,36,56,25,-4,-59,-10,36,59,5,-4,-1,-40,5.1,5.1,hiT 7300+,hiT 7300+,,,,-1,-1,-1,,,,,,,-1,-1,-1,,,,
F0239,S0065-100,F30-1,F0240,Measured,SSMF_Telefonica,92.81,20.4182,0,1531.365,0.057,0.722534601,1,1,0,20.4182,1531.365,0.057,0.722534601,,OLR,ONN-X96,37,28,36,-4,-52,-31,36,56,25,-4,-59,-10,5.1,5.1,hiT 7300+,hiT 7300+,,,,-1,-1,-1,,,,,,,-1,-1,-1,,,,
F0240,F30-1,S0065-100,F0239,Measured,SSMF_Telefonica,92.81,20.4182,0,1531.365,0.057,0.722534601,1,1,0,20.4182,1531.365,0.057,0.722534601,,ONN-X96,OLR,36,56,25,-4,-59,-10,37,28,36,-4,-52,-31,5.1,5.1,hiT 7300+,hiT 7300+,,,,-1,-1,-1,,,,,,,-1,-1,-1,,,,
F0243,S0066-100,F30-1,F0244,Measured,SSMF_Telefonica,67.47,14.8434,0,1113.255,0.057,0.616050931,1,1,0,14.8434,1113.255,0.057,0.616050931,,OLR,ONN-X96,37,6,40,-5,-47,-10,36,56,25,-4,-59,-10,5.1,5.1,hiT 7300+,hiT 7300+,,,,-1,-1,-1,,,,,,,-1,-1,-1,,,,
F0244,F30-1,S0066-100,F0243,Measured,SSMF_Telefonica,67.47,14.8434,0,1113.255,0.057,0.616050931,1,1,0,14.8434,1113.255,0.057,0.616050931,,ONN-X96,OLR,36,56,25,-4,-59,-10,37,6,40,-5,-47,-10,5.1,5.1,hiT 7300+,hiT 7300+,,,,-1,-1,-1,,,,,,,-1,-1,-1,,,,
F0231,S0063-100,TR9,F0232,Measured,SSMF_Telefonica,65.27,14.3594,0,1076.955,0.057,0.605923881,1,1,0,14.3594,1076.955,0.057,0.605923881,,OLR,ONN-X96,38,15,52,-6,-18,-4,37,24,4,-6,-16,-10,5.1,5.1,hiT 7300+,hiT 7300+,,,,-1,-1,-1,,,,,,,-1,-1,-1,,,,
F0232,TR9,S0063-100,F0231,Measured,SSMF_Telefonica,65.27,14.3594,0,1076.955,0.057,0.605923881,1,1,0,14.3594,1076.955,0.057,0.605923881,,ONN-X96,OLR,37,24,4,-6,-16,-10,38,15,52,-6,-18,-4,5.1,5.1,hiT 7300+,hiT 7300+,,,,-1,-1,-1,,,,,,,-1,-1,-1,,,,
F0233,S0064-100,TR9,F0234,Measured,SSMF_Telefonica,66.32,14.5904,0,1094.28,0.057,0.610778192,1,1,0,14.5904,1094.28,0.057,0.610778192,,OLR,ONN-X96,37,41,46,-5,-20,-34,37,24,4,-6,-16,-10,5.1,5.1,hiT 7300+,hiT 7300+,,,,-1,-1,-1,,,,,,,-1,-1,-1,,,,
F0234,TR9,S0064-100,F0233,Measured,SSMF_Telefonica,66.32,14.5904,0,1094.28,0.057,0.610778192,1,1,0,14.5904,1094.28,0.057,0.610778192,,ONN-X96,OLR,37,24,4,-6,-16,-10,37,41,46,-5,-20,-34,5.1,5.1,hiT 7300+,hiT 7300+,,,,-1,-1,-1,,,,,,,-1,-1,-1,,,,
F0241,TR9,S0066-100,F0242,Measured,SSMF_Telefonica,61.53,13.5366,0,1015.245,0.057,0.588307955,1,1,0,13.5366,1015.245,0.057,0.588307955,,ONN-X96,OLR,37,24,4,-6,-16,-10,37,6,40,-5,-47,-10,5.1,5.1,hiT 7300+,hiT 7300+,,,,-1,-1,-1,,,,,,,-1,-1,-1,,,,
F0242,S0066-100,TR9,F0241,Measured,SSMF_Telefonica,61.53,13.5366,0,1015.245,0.057,0.588307955,1,1,0,13.5366,1015.245,0.057,0.588307955,,OLR,ONN-X96,37,6,40,-5,-47,-10,37,24,4,-6,-16,-10,5.1,5.1,hiT 7300+,hiT 7300+,,,,-1,-1,-1,,,,,,,-1,-1,-1,,,,
F0055,S0013-100,F27-1,F0056,Measured,SSMF_Telefonica,84.2,18.524,0,1389.3,0.057,0.688204184,1,1,0,18.524,1389.3,0.057,0.688204184,,OLR,ONN-X96,39,48,8,-6,-13,-19,38,59,18,-6,-20,-26,5.1,5.1,hiT 7300+,hiT 7300+,,,,-1,-1,-1,,,,,,,-1,-1,-1,,,,
F0056,F27-1,S0013-100,F0055,Measured,SSMF_Telefonica,84.2,18.524,0,1389.3,0.057,0.688204184,1,1,0,18.524,1389.3,0.057,0.688204184,,ONN-X96,OLR,38,59,18,-6,-20,-26,39,48,8,-6,-13,-19,5.1,5.1,hiT 7300+,hiT 7300+,,,,-1,-1,-1,,,,,,,-1,-1,-1,,,,
F0215,F27-1,S0057-100,F0216,Measured,SSMF_Telefonica,71.17,15.6574,0,1174.305,0.057,0.632717353,1,1,0,15.6574,1174.305,0.057,0.632717353,,ONN-X96,OLR,38,59,18,-6,-20,-26,39,10,0,-5,-54,-18,5.1,5.1,hiT 7300+,hiT 7300+,,,,-1,-1,-1,,,,,,,-1,-1,-1,,,,
F0216,S0057-100,F27-1,F0215,Measured,SSMF_Telefonica,71.17,15.6574,0,1174.305,0.057,0.632717353,1,1,0,15.6574,1174.305,0.057,0.632717353,,OLR,ONN-X96,39,10,0,-5,-54,-18,38,59,18,-6,-20,-26,5.1,5.1,hiT 7300+,hiT 7300+,,,,-1,-1,-1,,,,,,,-1,-1,-1,,,,
F0223,F27-1,S0061-100,F0224,Measured,SSMF_Telefonica,59.73,13.1406,0,985.545,0.057,0.579638896,1,1,0,13.1406,985.545,0.057,0.579638896,,ONN-X96,OLR,38,59,18,-6,-20,-26,38,38,56,-5,-48,-7,5.1,5.1,hiT 7300+,hiT 7300+,,,,-1,-1,-1,,,,,,,-1,-1,-1,,,,
F0224,S0061-100,F27-1,F0223,Measured,SSMF_Telefonica,59.73,13.1406,0,985.545,0.057,0.579638896,1,1,0,13.1406,985.545,0.057,0.579638896,,OLR,ONN-X96,38,38,56,-5,-48,-7,38,59,18,-6,-20,-26,5.1,5.1,hiT 7300+,hiT 7300+,,,,-1,-1,-1,,,,,,,-1,-1,-1,,,,
F0229,F27-1,S0063-100,F0230,Measured,SSMF_Telefonica,89.73,19.7406,0,1480.545,0.057,0.710444403,1,1,0,19.7406,1480.545,0.057,0.710444403,,ONN-X96,OLR,38,59,18,-6,-20,-26,38,15,52,-6,-18,-4,5.1,5.1,hiT 7300+,hiT 7300+,,,,-1,-1,-1,,,,,,,-1,-1,-1,,,,
F0230,S0063-100,F27-1,F0229,Measured,SSMF_Telefonica,89.73,19.7406,0,1480.545,0.057,0.710444403,1,1,0,19.7406,1480.545,0.057,0.710444403,,OLR,ONN-X96,38,15,52,-6,-18,-4,38,59,18,-6,-20,-26,5.1,5.1,hiT 7300+,hiT 7300+,,,,-1,-1,-1,,,,,,,-1,-1,-1,,,,
F0049,S0011-100,F25-1,F0050,Measured,SSMF_Telefonica,48.7,10.714,0,803.55,0.057,0.523390389,1,1,0,10.714,803.55,0.057,0.523390389,,OLR,ONN-X96,40,31,43,-5,-28,-10,39,42,18,-5,-5,-50,5.1,5.1,hiT 7300+,hiT 7300+,,,,-1,-1,-1,,,,,,,-1,-1,-1,,,,
F0050,F25-1,S0011-100,F0049,Measured,SSMF_Telefonica,48.7,10.714,0,803.55,0.057,0.523390389,1,1,0,10.714,803.55,0.057,0.523390389,,ONN-X96,OLR,39,42,18,-5,-5,-50,40,31,43,-5,-28,-10,5.1,5.1,hiT 7300+,hiT 7300+,,,,-1,-1,-1,,,,,,,-1,-1,-1,,,,
F0081,S0023-100,F25-1,F0082,Measured,SSMF_Telefonica,44.34,9.7548,0,731.61,0.057,0.499412154,1,1,0,9.7548,731.61,0.057,0.499412154,,OLR,ONN-X96,39,53,59,-4,-17,-50,39,42,18,-5,-5,-50,5.1,5.1,hiT 7300+,hiT 7300+,,,,-1,-1,-1,,,,,,,-1,-1,-1,,,,
F0082,F25-1,S0023-100,F0081,Measured,SSMF_Telefonica,44.34,9.7548,0,731.61,0.057,0.499412154,1,1,0,9.7548,731.61,0.057,0.499412154,,ONN-X96,OLR,39,42,18,-5,-5,-50,39,53,59,-4,-17,-50,5.1,5.1,hiT 7300+,hiT 7300+,,,,-1,-1,-1,,,,,,,-1,-1,-1,,,,
F0207,F25-1,S0056-100,F0208,Measured,SSMF_Telefonica,62.87,13.8314,0,1037.355,0.057,0.594679535,1,1,0,13.8314,1037.355,0.057,0.594679535,,ONN-X96,OLR,39,42,18,-5,-5,-50,39,25,5,-4,-12,-8,5.1,5.1,hiT 7300+,hiT 7300+,,,,-1,-1,-1,,,,,,,-1,-1,-1,,,,
F0208,S0056-100,F25-1,F0207,Measured,SSMF_Telefonica,62.87,13.8314,0,1037.355,0.057,0.594679535,1,1,0,13.8314,1037.355,0.057,0.594679535,,OLR,ONN-X96,39,25,5,-4,-12,-8,39,42,18,-5,-5,-50,5.1,5.1,hiT 7300+,hiT 7300+,,,,-1,-1,-1,,,,,,,-1,-1,-1,,,,
F0211,F25-1,S0058-100,F0212,Measured,SSMF_Telefonica,61.02,13.4244,0,1006.83,0.057,0.585864745,1,1,0,13.4244,1006.83,0.057,0.585864745,,ONN-X96,OLR,39,42,18,-5,-5,-50,39,21,24,-5,-35,-18,5.1,5.1,hiT 7300+,hiT 7300+,,,,-1,-1,-1,,,,,,,-1,-1,-1,,,,
F0212,S0058-100,F25-1,F0211,Measured,SSMF_Telefonica,61.02,13.4244,0,1006.83,0.057,0.585864745,1,1,0,13.4244,1006.83,0.057,0.585864745,,OLR,ONN-X96,39,21,24,-5,-35,-18,39,42,18,-5,-5,-50,5.1,5.1,hiT 7300+,hiT 7300+,,,,-1,-1,-1,,,,,,,-1,-1,-1,,,,
F0217,F25-1,S0059-100,F0218,Measured,SSMF_Telefonica,60.84,13.3848,0,1003.86,0.057,0.585,1,1,0,13.3848,1003.86,0.057,0.585,,ONN-X96,OLR,39,42,18,-5,-5,-50,39,11,50,-4,-59,-39,5.1,5.1,hiT 7300+,hiT 7300+,,,,-1,-1,-1,,,,,,,-1,-1,-1,,,,
F0218,S0059-100,F25-1,F0217,Measured,SSMF_Telefonica,60.84,13.3848,0,1003.86,0.057,0.585,1,1,0,13.3848,1003.86,0.057,0.585,,OLR,ONN-X96,39,11,50,-4,-59,-39,39,42,18,-5,-5,-50,5.1,5.1,hiT 7300+,hiT 7300+,,,,-1,-1,-1,,,,,,,-1,-1,-1,,,,
F0197,TR10,S0053-100,F0198,Measured,SSMF_Telefonica,54.67,12.0274,0,902.055,0.057,0.554543731,1,1,0,12.0274,902.055,0.057,0.554543731,,ONN-X96,OLR,38,8,23,-4,-46,-49,38,5,46,-4,-7,-22,5.1,5.1,hiT 7300+,hiT 7300+,,,,-1,-1,-1,,,,,,,-1,-1,-1,,,,
F0198,S0053-100,TR10,F0197,Measured,SSMF_Telefonica,54.67,12.0274,0,902.055,0.057,0.554543731,1,1,0,12.0274,902.055,0.057,0.554543731,,OLR,ONN-X96,38,5,46,-4,-7,-22,38,8,23,-4,-46,-49,5.1,5.1,hiT 7300+,hiT 7300+,,,,-1,-1,-1,,,,,,,-1,-1,-1,,,,
F0221,S0060-100,TR10,F0222,Measured,SSMF_Telefonica,64.92,14.2824,0,1071.18,0.057,0.604297112,1,1,0,14.2824,1071.18,0.057,0.604297112,,OLR,ONN-X96,38,48,34,-4,-59,-10,38,8,23,-4,-46,-49,5.1,5.1,hiT 7300+,hiT 7300+,,,,-1,-1,-1,,,,,,,-1,-1,-1,,,,
F0222,TR10,S0060-100,F0221,Measured,SSMF_Telefonica,64.92,14.2824,0,1071.18,0.057,0.604297112,1,1,0,14.2824,1071.18,0.057,0.604297112,,ONN-X96,OLR,38,8,23,-4,-46,-49,38,48,34,-4,-59,-10,5.1,5.1,hiT 7300+,hiT 7300+,,,,-1,-1,-1,,,,,,,-1,-1,-1,,,,
F0227,S0062-100,TR10,F0228,Measured,SSMF_Telefonica,43.0,9.46,0,709.5,0.057,0.491807889,1,1,0,9.46,709.5,0.057,0.491807889,,OLR,ONN-X96,38,21,27,-5,-23,-53,38,8,23,-4,-46,-49,5.1,5.1,hiT 7300+,hiT 7300+,,,,-1,-1,-1,,,,,,,-1,-1,-1,,,,
F0228,TR10,S0062-100,F0227,Measured,SSMF_Telefonica,43.0,9.46,0,709.5,0.057,0.491807889,1,1,0,9.46,709.5,0.057,0.491807889,,ONN-X96,OLR,38,8,23,-4,-46,-49,38,21,27,-5,-23,-53,5.1,5.1,hiT 7300+,hiT 7300+,,,,-1,-1,-1,,,,,,,-1,-1,-1,,,,
F0235,TR10,S0064-100,F0236,Measured,SSMF_Telefonica,58.68,12.9096,0,968.22,0.057,0.57452154,1,1,0,12.9096,968.22,0.057,0.57452154,,ONN-X96,OLR,38,8,23,-4,-46,-49,37,41,46,-5,-20,-34,5.1,5.1,hiT 7300+,hiT 7300+,,,,-1,-1,-1,,,,,,,-1,-1,-1,,,,
F0236,S0064-100,TR10,F0235,Measured,SSMF_Telefonica,58.68,12.9096,0,968.22,0.057,0.57452154,1,1,0,12.9096,968.22,0.057,0.57452154,,OLR,ONN-X96,37,41,46,-5,-20,-34,38,8,23,-4,-46,-49,5.1,5.1,hiT 7300+,hiT 7300+,,,,-1,-1,-1,,,,,,,-1,-1,-1,,,,
F0237,TR10,S0065-100,F0238,Measured,SSMF_Telefonica,63.19,13.9018,0,1042.635,0.057,0.596191034,1,1,0,13.9018,1042.635,0.057,0.596191034,,ONN-X96,OLR,38,8,23,-4,-46,-49,37,28,36,-4,-52,-31,5.1,5.1,hiT 7300+,hiT 7300+,,,,-1,-1,-1,,,,,,,-1,-1,-1,,,,
F0238,S0065-100,TR10,F0237,Measured,SSMF_Telefonica,63.19,13.9018,0,1042.635,0.057,0.596191034,1,1,0,13.9018,1042.635,0.057,0.596191034,,OLR,ONN-X96,37,28,36,-4,-52,-31,38,8,23,-4,-46,-49,5.1,5.1,hiT 7300+,hiT 7300+,,,,-1,-1,-1,,,,,,,-1,-1,-1,,,,
F0181,S0049-100,TR7,F0182,Measured,SSMF_Telefonica,63.26,13.9172,0,1043.79,0.057,0.596521164,1,1,0,13.9172,1043.79,0.057,0.596521164,,OLR,ONN-X96,38,13,37,-2,-38,-59,37,59,2,-3,-27,-27,5.1,5.1,hiT 7300+,hiT 7300+,,,,-1,-1,-1,,,,,,,-1,-1,-1,,,,
F0182,TR7,S0049-100,F0181,Measured,SSMF_Telefonica,63.26,13.9172,0,1043.79,0.057,0.596521164,1,1,0,13.9172,1043.79,0.057,0.596521164,,ONN-X96,OLR,37,59,2,-3,-27,-27,38,13,37,-2,-38,-59,5.1,5.1,hiT 7300+,hiT 7300+,,,,-1,-1,-1,,,,,,,-1,-1,-1,,,,
F0189,TR7,S0051-100,F0190,Measured,SSMF_Telefonica,60.9,13.398,0,1004.85,0.057,0.58528839,1,1,0,13.398,1004.85,0.057,0.58528839,,ONN-X96,OLR,37,59,2,-3,-27,-27,37,30,29,-3,-10,-21,5.1,5.1,hiT 7300+,hiT 7300+,,,,-1,-1,-1,,,,,,,-1,-1,-1,,,,
F0190,S0051-100,TR7,F0189,Measured,SSMF_Telefonica,60.9,13.398,0,1004.85,0.057,0.58528839,1,1,0,13.398,1004.85,0.057,0.58528839,,OLR,ONN-X96,37,30,29,-3,-10,-21,37,59,2,-3,-27,-27,5.1,5.1,hiT 7300+,hiT 7300+,,,,-1,-1,-1,,,,,,,-1,-1,-1,,,,
F0195,S0052-100,TR7,F0196,Measured,SSMF_Telefonica,32.25,7.095,0,532.125,0.057,0.425918125,1,1,0,7.095,532.125,0.057,0.425918125,,OLR,ONN-X96,38,38,34,-3,-16,-60,37,59,2,-3,-27,-27,5.1,5.1,hiT 7300+,hiT 7300+,,,,-1,-1,-1,,,,,,,-1,-1,-1,,,,
F0196,TR7,S0052-100,F0195,Measured,SSMF_Telefonica,32.25,7.095,0,532.125,0.057,0.425918125,1,1,0,7.095,532.125,0.057,0.425918125,,ONN-X96,OLR,37,59,2,-3,-27,-27,38,38,34,-3,-16,-60,5.1,5.1,hiT 7300+,hiT 7300+,,,,-1,-1,-1,,,,,,,-1,-1,-1,,,,
F0199,S0053-100,TR7,F0200,Measured,SSMF_Telefonica,59.33,13.0526,0,978.945,0.057,0.577694772,1,1,0,13.0526,978.945,0.057,0.577694772,,OLR,ONN-X96,38,5,46,-4,-7,-22,37,59,2,-3,-27,-27,5.1,5.1,hiT 7300+,hiT 7300+,,,,-1,-1,-1,,,,,,,-1,-1,-1,,,,
F0200,TR7,S0053-100,F0199,Measured,SSMF_Telefonica,59.33,13.0526,0,978.945,0.057,0.577694772,1,1,0,13.0526,978.945,0.057,0.577694772,,ONN-X96,OLR,37,59,2,-3,-27,-27,38,5,46,-4,-7,-22,5.1,5.1,hiT 7300+,hiT 7300+,,,,-1,-1,-1,,,,,,,-1,-1,-1,,,,
F0175,S0046-100,F26-1,F0176,Measured,SSMF_Telefonica,91.66,20.1652,0,1512.39,0.057,0.718044218,1,1,0,20.1652,1512.39,0.057,0.718044218,,OLR,ONN-X96,39,34,59,-2,-38,-2,39,10,0,-3,-1,-48,5.1,5.1,hiT 7300+,hiT 7300+,,,,-1,-1,-1,,,,,,,-1,-1,-1,,,,
F0176,F26-1,S0046-100,F0175,Measured,SSMF_Telefonica,91.66,20.1652,0,1512.39,0.057,0.718044218,1,1,0,20.1652,1512.39,0.057,0.718044218,,ONN-X96,OLR,39,10,0,-3,-1,-48,39,34,59,-2,-38,-2,5.1,5.1,hiT 7300+,hiT 7300+,,,,-1,-1,-1,,,,,,,-1,-1,-1,,,,
F0193,F26-1,S0052-100,F0194,Measured,SSMF_Telefonica,59.75,13.145,0,985.875,0.057,0.579735931,1,1,0,13.145,985.875,0.057,0.579735931,,ONN-X96,OLR,39,10,0,-3,-1,-48,38,38,34,-3,-16,-60,5.1,5.1,hiT 7300+,hiT 7300+,,,,-1,-1,-1,,,,,,,-1,-1,-1,,,,
F0194,S0052-100,F26-1,F0193,Measured,SSMF_Telefonica,59.75,13.145,0,985.875,0.057,0.579735931,1,1,0,13.145,985.875,0.057,0.579735931,,OLR,ONN-X96,38,38,34,-3,-16,-60,39,10,0,-3,-1,-48,5.1,5.1,hiT 7300+,hiT 7300+,,,,-1,-1,-1,,,,,,,-1,-1,-1,,,,
F0209,S0056-100,F26-1,F0210,Measured,SSMF_Telefonica,93.13,20.4886,0,1536.645,0.057,0.723779144,1,1,0,20.4886,1536.645,0.057,0.723779144,,OLR,ONN-X96,39,25,5,-4,-12,-8,39,10,0,-3,-1,-48,5.1,5.1,hiT 7300+,hiT 7300+,,,,-1,-1,-1,,,,,,,-1,-1,-1,,,,
F0210,F26-1,S0056-100,F0209,Measured,SSMF_Telefonica,93.13,20.4886,0,1536.645,0.057,0.723779144,1,1,0,20.4886,1536.645,0.057,0.723779144,,ONN-X96,OLR,39,10,0,-3,-1,-48,39,25,5,-4,-12,-8,5.1,5.1,hiT 7300+,hiT 7300+,,,,-1,-1,-1,,,,,,,-1,-1,-1,,,,
F0007,S0003-100,S0005-100,F0008,Measured,SSMF_Telefonica,94.12,20.7064,0,1552.98,0.057,0.72761597,1,1,0,20.7064,1552.98,0.057,0.72761597,,OLR,OLR,42,46,38,-7,-33,-9,42,40,42,-6,-20,-55,5.1,5.1,hiT 7300+,hiT 7300+,,,,-1,-1,-1,,,,,,,-1,-1,-1,,,,
F0008,S0005-100,S0003-100,F0007,Measured,SSMF_Telefonica,94.12,20.7064,0,1552.98,0.057,0.72761597,1,1,0,20.7064,1552.98,0.057,0.72761597,,OLR,OLR,42,40,42,-6,-20,-55,42,46,38,-7,-33,-9,5.1,5.1,hiT 7300+,hiT 7300+,,,,-1,-1,-1,,,,,,,-1,-1,-1,,,,
F0009,S0004-100,S0005-100,F0010,Measured,SSMF_Telefonica,97.62,21.4764,0,1610.73,0.057,0.741021254,1,1,0,21.4764,1610.73,0.057,0.741021254,,OLR,OLR,42,29,30,-5,-13,-54,42,40,42,-6,-20,-55,5.1,5.1,hiT 7300+,hiT 7300+,,,,-1,-1,-1,,,,,,,-1,-1,-1,,,,
F0010,S0005-100,S0004-100,F0009,Measured,SSMF_Telefonica,97.62,21.4764,0,1610.73,0.057,0.741021254,1,1,0,21.4764,1610.73,0.057,0.741021254,,OLR,OLR,42,40,42,-6,-20,-55,42,29,30,-5,-13,-54,5.1,5.1,hiT 7300+,hiT 7300+,,,,-1,-1,-1,,,,,,,-1,-1,-1,,,,
F0039,S0008-100,S0009-100,F0040,Measured,SSMF_Telefonica,93.6,20.592,0,1544.4,0.057,0.725603197,1,1,0,20.592,1544.4,0.057,0.725603197,,OLR,OLR,41,59,57,-5,-41,-57,41,38,21,-5,-1,-33,5.1,5.1,hiT 7300+,hiT 7300+,,,,-1,-1,-1,,,,,,,-1,-1,-1,,,,
F0040,S0009-100,S0008-100,F0039,Measured,SSMF_Telefonica,93.6,20.592,0,1544.4,0.057,0.725603197,1,1,0,20.592,1544.4,0.057,0.725603197,,OLR,OLR,41,38,21,-5,-1,-33,41,59,57,-5,-41,-57,5.1,5.1,hiT 7300+,hiT 7300+,,,,-1,-1,-1,,,,,,,-1,-1,-1,,,,
F0053,S0012-100,S0013-100,F0054,Measured,SSMF_Telefonica,86.7,19.074,0,1430.55,0.057,0.69834626,1,1,0,19.074,1430.55,0.057,0.69834626,,OLR,OLR,40,39,40,-5,-54,-47,39,48,8,-6,-13,-19,5.1,5.1,hiT 7300+,hiT 7300+,,,,-1,-1,-1,,,,,,,-1,-1,-1,,,,
F0054,S0013-100,S0012-100,F0053,Measured,SSMF_Telefonica,86.7,19.074,0,1430.55,0.057,0.69834626,1,1,0,19.074,1430.55,0.057,0.69834626,,OLR,OLR,39,48,8,-6,-13,-19,40,39,40,-5,-54,-47,5.1,5.1,hiT 7300+,hiT 7300+,,,,-1,-1,-1,,,,,,,-1,-1,-1,,,,
F0023,S0015-100,S0016-100,F0024,Measured,SSMF_Telefonica,91.7,20.174,0,1513.05,0.057,0.718200877,1,1,0,20.174,1513.05,0.057,0.718200877,,OLR,OLR,43,10,58,-5,-39,-34,43,10,16,-4,-47,-18,5.1,5.1,hiT 7300+,hiT 7300+,,,,-1,-1,-1,,,,,,,-1,-1,-1,,,,
F0024,S0016-100,S0015-100,F0023,Measured,SSMF_Telefonica,91.7,20.174,0,1513.05,0.057,0.718200877,1,1,0,20.174,1513.05,0.057,0.718200877,,OLR,OLR,43,10,16,-4,-47,-18,43,10,58,-5,-39,-34,5.1,5.1,hiT 7300+,hiT 7300+,,,,-1,-1,-1,,,,,,,-1,-1,-1,,,,
F0025,S0016-100,S0017-100,F0026,Measured,SSMF_Telefonica,92.2,20.284,0,1521.3,0.057,0.720156233,1,1,0,20.284,1521.3,0.057,0.720156233,,OLR,OLR,43,10,16,-4,-47,-18,43,10,58,-3,-57,-52,5.1,5.1,hiT 7300+,hiT 7300+,,,,-1,-1,-1,,,,,,,-1,-1,-1,,,,
F0026,S0017-100,S0016-100,F0025,Measured,SSMF_Telefonica,92.2,20.284,0,1521.3,0.057,0.720156233,1,1,0,20.284,1521.3,0.057,0.720156233,,OLR,OLR,43,10,58,-3,-57,-52,43,10,16,-4,-47,-18,5.1,5.1,hiT 7300+,hiT 7300+,,,,-1,-1,-1,,,,,,,-1,-1,-1,,,,
F0153,S0026-100,S0042-100,F0154,Measured,SSMF_Telefonica,91.39,20.1058,0,1507.935,0.057,0.716985878,1,1,0,20.1058,1507.935,0.057,0.716985878,,OLR,OLR,40,43,37,-2,-11,-54,40,43,59,-1,-43,-51,5.1,5.1,hiT 7300+,hiT 7300+,,,,-1,-1,-1,,,,,,,-1,-1,-1,,,,
F0154,S0042-100,S0026-100,F0153,Measured,SSMF_Telefonica,91.39,20.1058,0,1507.935,0.057,0.716985878,1,1,0,20.1058,1507.935,0.057,0.716985878,,OLR,OLR,40,43,59,-1,-43,-51,40,43,37,-2,-11,-54,5.1,5.1,hiT 7300+,hiT 7300+,,,,-1,-1,-1,,,,,,,-1,-1,-1,,,,
F0109,S0032-100,S0033-100,F0110,Measured,SSMF_Telefonica,89.84,19.7648,0,1482.36,0.057,0.710879736,1,1,0,19.7648,1482.36,0.057,0.710879736,,OLR,OLR,42,5,15,1,30,5,41,51,7,1,45,46,5.1,5.1,hiT 7300+,hiT 7300+,,,,-1,-1,-1,,,,,,,-1,-1,-1,,,,
F0110,S0033-100,S0032-100,F0109,Measured,SSMF_Telefonica,89.84,19.7648,0,1482.36,0.057,0.710879736,1,1,0,19.7648,1482.36,0.057,0.710879736,,OLR,OLR,41,51,7,1,45,46,42,5,15,1,30,5,5.1,5.1,hiT 7300+,hiT 7300+,,,,-1,-1,-1,,,,,,,-1,-1,-1,,,,
F0125,S0036-100,S0037-100,F0126,Measured,SSMF_Telefonica,92.59,20.3698,0,1527.735,0.057,0.721677732,1,1,0,20.3698,1527.735,0.057,0.721677732,,OLR,OLR,41,15,33,1,28,40,41,3,23,0,44,57,5.1,5.1,hiT 7300+,hiT 7300+,,,,-1,-1,-1,,,,,,,-1,-1,-1,,,,
F0126,S0037-100,S0036-100,F0125,Measured,SSMF_Telefonica,92.59,20.3698,0,1527.735,0.057,0.721677732,1,1,0,20.3698,1527.735,0.057,0.721677732,,OLR,OLR,41,3,23,0,44,57,41,15,33,1,28,40,5.1,5.1,hiT 7300+,hiT 7300+,,,,-1,-1,-1,,,,,,,-1,-1,-1,,,,
F0203,S0055-100,S0054-100,F0204,Measured,SSMF_Telefonica,91.7,20.174,0,1513.05,0.057,0.718200877,1,1,0,20.174,1513.05,0.057,0.718200877,,OLR,OLR,37,1,44,-3,-33,-38,36,59,5,-4,-1,-40,5.1,5.1,hiT 7300+,hiT 7300+,,,,-1,-1,-1,,,,,,,-1,-1,-1,,,,
F0204,S0054-100,S0055-100,F0203,Measured,SSMF_Telefonica,91.7,20.174,0,1513.05,0.057,0.718200877,1,1,0,20.174,1513.05,0.057,0.718200877,,OLR,OLR,36,59,5,-4,-1,-40,37,1,44,-3,-33,-38,5.1,5.1,hiT 7300+,hiT 7300+,,,,-1,-1,-1,,,,,,,-1,-1,-1,,,,
F0213,S0058-100,S0057-100,F0214,Measured,SSMF_Telefonica,93.81,20.6382,0,1547.865,0.057,0.726416719,1,1,0,20.6382,1547.865,0.057,0.726416719,,OLR,OLR,39,21,24,-5,-35,-18,39,10,0,-5,-54,-18,5.1,5.1,hiT 7300+,hiT 7300+,,,,-1,-1,-1,,,,,,,-1,-1,-1,,,,
F0214,S0057-100,S0058-100,F0213,Measured,SSMF_Telefonica,93.81,20.6382,0,1547.865,0.057,0.726416719,1,1,0,20.6382,1547.865,0.057,0.726416719,,OLR,OLR,39,10,0,-5,-54,-18,39,21,24,-5,-35,-18,5.1,5.1,hiT 7300+,hiT 7300+,,,,-1,-1,-1,,,,,,,-1,-1,-1,,,,
F0219,S0059-100,S0060-100,F0220,Measured,SSMF_Telefonica,97.24,21.3928,0,1604.46,0.057,0.739577582,1,1,0,21.3928,1604.46,0.057,0.739577582,,OLR,OLR,39,11,50,-4,-59,-39,38,48,34,-4,-59,-10,5.1,5.1,hiT 7300+,hiT 7300+,,,,-1,-1,-1,,,,,,,-1,-1,-1,,,,
F0220,S0060-100,S0059-100,F0219,Measured,SSMF_Telefonica,97.24,21.3928,0,1604.46,0.057,0.739577582,1,1,0,21.3928,1604.46,0.057,0.739577582,,OLR,OLR,38,48,34,-4,-59,-10,39,11,50,-4,-59,-39,5.1,5.1,hiT 7300+,hiT 7300+,,,,-1,-1,-1,,,,,,,-1,-1,-1,,,,
F0225,S0061-100,S0062-100,F0226,Measured,SSMF_Telefonica,94.27,20.7394,0,1555.455,0.057,0.728195543,1,1,0,20.7394,1555.455,0.057,0.728195543,,OLR,OLR,38,38,56,-5,-48,-7,38,21,27,-5,-23,-53,5.1,5.1,hiT 7300+,hiT 7300+,,,,-1,-1,-1,,,,,,,-1,-1,-1,,,,
F0226,S0062-100,S0061-100,F0225,Measured,SSMF_Telefonica,94.27,20.7394,0,1555.455,0.057,0.728195543,1,1,0,20.7394,1555.455,0.057,0.728195543,,OLR,OLR,38,21,27,-5,-23,-53,38,38,56,-5,-48,-7,5.1,5.1,hiT 7300+,hiT 7300+,,,,-1,-1,-1,,,,,,,-1,-1,-1,,,,
